Time, ManagementArea, Prescription, TotalDamagedSites, TotalCohortsKilled, TotalCohortsDamaged, CohortsKilledByabiebals, CohortsKilledByacernegu, CohortsKilledByacerrubr, CohortsKilledByacersacc, CohortsKilledByacerspic, CohortsKilledBybetualle, CohortsKilledBybetupapy, CohortsKilledByceltis, CohortsKilledByfraxamer, CohortsKilledByfraxnigr, CohortsKilledByfraxpenn, CohortsKilledBylarilari, CohortsKilledByostrvirg, CohortsKilledBypiceglau, CohortsKilledBypicemari, CohortsKilledBypinubank, CohortsKilledBypinuresi, CohortsKilledBypinustro, CohortsKilledBypopubals, CohortsKilledBypopudelt, CohortsKilledBypopugran, CohortsKilledBypoputrem, CohortsKilledByprunpens, CohortsKilledByprunsero, CohortsKilledByprunvirg, CohortsKilledByqueralba, CohortsKilledByquerelli, CohortsKilledByquermacr, CohortsKilledByquerrubr, CohortsKilledBysalix, CohortsKilledBythujocci, CohortsKilledBytiliamer, CohortsKilledByulmuamer, CohortsKilledByulmurubr, 
5, 1, JPine_Clearcut, 121, 919, 0, 13, 0, 18, 1, 0, 0, 72, 0, 0, 26, 2, 3, 1, 44, 6, 365, 101, 30, 12, 0, 34, 127, 0, 1, 0, 0, 2, 24, 5, 0, 0, 7, 25, 0, 
5, 1, CNF_RPine_Clearcut, 54, 1130, 0, 22, 0, 1, 2, 0, 0, 196, 0, 0, 6, 1, 1, 11, 68, 9, 54, 507, 123, 4, 0, 30, 76, 0, 2, 0, 0, 0, 1, 0, 0, 13, 0, 3, 0, 
5, 1, CNF_SpruceFir, 283, 4214, 0, 358, 0, 56, 23, 0, 0, 573, 0, 0, 14, 2, 9, 99, 477, 40, 29, 80, 31, 114, 0, 72, 2054, 1, 20, 0, 0, 1, 13, 13, 2, 13, 11, 109, 0, 
5, 1, Aspen_Clearcut, 575, 8315, 0, 118, 0, 71, 24, 1, 2, 1292, 0, 0, 71, 41, 20, 254, 164, 96, 15, 99, 111, 1129, 0, 612, 3604, 2, 40, 0, 0, 0, 77, 24, 2, 10, 25, 411, 0, 
5, 1, Oak_Clearcut, 54, 672, 0, 0, 0, 83, 9, 0, 0, 68, 0, 0, 33, 30, 0, 7, 0, 6, 1, 21, 3, 0, 0, 38, 59, 0, 4, 0, 0, 7, 175, 107, 2, 0, 5, 14, 0, 
5, 1, LowlandConifer_Clearcut, 56, 870, 0, 45, 0, 1, 0, 0, 0, 43, 0, 0, 2, 0, 21, 0, 2, 693, 0, 2, 7, 8, 0, 0, 27, 0, 0, 0, 0, 0, 6, 0, 0, 0, 8, 5, 0, 
5, 1, Oak_Shelter, 416, 3422, 557, 96, 2, 652, 59, 0, 0, 595, 0, 1, 241, 232, 16, 79, 0, 31, 21, 122, 0, 40, 0, 135, 570, 0, 5, 0, 1, 3, 553, 367, 8, 0, 0, 150, 0, 
5, 1, Pine_Unevenaged, 42, 434, 543, 0, 0, 0, 3, 0, 0, 168, 0, 0, 0, 0, 0, 18, 26, 3, 12, 210, 314, 9, 0, 74, 138, 0, 0, 0, 0, 0, 0, 0, 0, 0, 2, 0, 0, 
5, 1, Oak_Unevenaged, 61, 597, 53, 7, 0, 12, 36, 0, 0, 130, 0, 0, 36, 3, 8, 9, 0, 13, 27, 24, 0, 24, 0, 49, 136, 0, 3, 0, 46, 0, 7, 63, 0, 0, 0, 17, 0, 
5, 1, Hardwoods_Unevenaged, 169, 0, 484, 0, 0, 32, 97, 0, 0, 0, 0, 0, 8, 0, 0, 0, 0, 0, 0, 0, 0, 0, 0, 0, 0, 0, 0, 0, 0, 0, 0, 130, 0, 0, 211, 6, 0, 
5, 1, Thinning_RedPine, 41, 196, 0, 0, 0, 0, 0, 0, 0, 0, 0, 0, 0, 0, 0, 0, 0, 0, 0, 196, 0, 0, 0, 0, 0, 0, 0, 0, 0, 0, 0, 0, 0, 0, 0, 0, 0, 
5, 1, Thinning_PineHard, 442, 8, 1429, 0, 0, 14, 29, 0, 2, 0, 0, 0, 92, 0, 0, 0, 429, 0, 0, 570, 269, 0, 0, 0, 0, 0, 0, 0, 0, 0, 0, 8, 0, 0, 23, 1, 0, 
5, 1, Thinning_Aspen, 147, 49, 307, 0, 0, 0, 0, 0, 0, 0, 0, 0, 0, 0, 0, 0, 0, 0, 0, 0, 0, 0, 0, 49, 299, 0, 0, 0, 0, 0, 0, 8, 0, 0, 0, 0, 0, 
5, 4, JPine_Clearcut, 10, 67, 0, 5, 0, 1, 0, 0, 0, 2, 0, 0, 0, 0, 0, 0, 3, 0, 29, 4, 1, 2, 0, 0, 8, 0, 0, 0, 0, 0, 9, 0, 0, 3, 0, 0, 0, 
5, 4, CNF_RPine_Clearcut, 5, 38, 0, 0, 0, 2, 0, 0, 0, 2, 0, 0, 0, 0, 0, 0, 0, 0, 4, 10, 3, 0, 0, 0, 11, 1, 0, 0, 0, 0, 1, 3, 1, 0, 0, 0, 0, 
5, 4, CNF_SpruceFir, 12, 93, 0, 2, 0, 6, 4, 0, 0, 0, 0, 0, 0, 5, 0, 3, 5, 0, 0, 12, 3, 4, 0, 3, 24, 0, 2, 0, 0, 0, 7, 8, 0, 0, 1, 4, 0, 
5, 4, Aspen_Clearcut, 1712, 15748, 0, 942, 18, 1141, 730, 0, 34, 1449, 0, 0, 1117, 307, 635, 152, 268, 641, 306, 390, 225, 297, 0, 346, 2544, 3, 44, 8, 6, 29, 1340, 820, 14, 615, 934, 390, 3, 
5, 4, Oak_Clearcut, 2, 17, 0, 0, 0, 2, 0, 0, 0, 0, 0, 0, 1, 0, 0, 1, 0, 0, 0, 0, 0, 0, 0, 0, 3, 0, 0, 0, 0, 0, 7, 1, 0, 0, 1, 1, 0, 
5, 4, LowlandConifer_Clearcut, 10, 59, 0, 6, 0, 0, 0, 0, 0, 0, 0, 0, 1, 0, 26, 0, 0, 23, 0, 0, 1, 0, 0, 0, 2, 0, 0, 0, 0, 0, 0, 0, 0, 0, 0, 0, 0, 
5, 4, Oak_Shelter, 4, 26, 1, 2, 0, 4, 0, 0, 0, 1, 0, 1, 0, 2, 0, 0, 0, 0, 0, 1, 0, 0, 0, 4, 7, 0, 0, 0, 0, 0, 1, 4, 0, 0, 0, 0, 0, 
5, 4, Pine_Unevenaged, 9, 29, 23, 0, 0, 2, 8, 0, 0, 4, 0, 0, 2, 0, 0, 1, 8, 0, 6, 0, 5, 2, 0, 6, 6, 0, 0, 0, 0, 0, 0, 2, 0, 0, 0, 0, 0, 
5, 4, Hardwoods_Unevenaged, 1, 0, 3, 0, 0, 0, 2, 0, 0, 0, 0, 0, 0, 0, 0, 0, 0, 0, 0, 0, 0, 0, 0, 0, 0, 0, 0, 0, 0, 0, 0, 0, 0, 0, 1, 0, 0, 
5, 4, Thinning_RedPine, 5, 6, 0, 0, 0, 0, 0, 0, 0, 0, 0, 0, 0, 0, 0, 0, 0, 0, 0, 6, 0, 0, 0, 0, 0, 0, 0, 0, 0, 0, 0, 0, 0, 0, 0, 0, 0, 
5, 4, Thinning_PineHard, 29485, 7148, 64163, 0, 0, 3661, 2752, 0, 54, 0, 0, 0, 12232, 0, 0, 0, 9872, 0, 0, 19211, 10775, 0, 0, 0, 0, 0, 0, 0, 0, 0, 0, 7148, 0, 0, 5023, 583, 0, 
5, 4, Thinning_Aspen, 6, 6, 13, 0, 0, 0, 0, 0, 0, 0, 0, 0, 0, 0, 0, 0, 0, 0, 0, 0, 0, 0, 0, 6, 13, 0, 0, 0, 0, 0, 0, 0, 0, 0, 0, 0, 0, 
5, 5, JPine_Clearcut, 4, 10, 0, 0, 0, 0, 0, 0, 0, 0, 0, 0, 0, 0, 1, 0, 0, 1, 7, 1, 0, 0, 0, 0, 0, 0, 0, 0, 0, 0, 0, 0, 0, 0, 0, 0, 0, 
5, 5, CNF_SpruceFir, 6, 57, 0, 11, 0, 7, 3, 0, 0, 7, 0, 0, 3, 0, 1, 0, 3, 1, 0, 0, 0, 0, 0, 0, 17, 0, 0, 0, 0, 0, 1, 1, 0, 0, 2, 0, 0, 
5, 5, Aspen_Clearcut, 5, 22, 0, 4, 0, 2, 0, 0, 0, 2, 0, 0, 1, 0, 0, 0, 0, 0, 0, 1, 0, 0, 0, 1, 11, 0, 0, 0, 0, 0, 0, 0, 0, 0, 0, 0, 0, 
5, 5, Oak_Clearcut, 3, 30, 0, 4, 0, 10, 0, 0, 0, 4, 0, 0, 0, 1, 0, 0, 0, 0, 0, 0, 1, 0, 0, 0, 2, 0, 0, 0, 0, 0, 7, 0, 0, 0, 0, 1, 0, 
5, 5, LowlandConifer_Clearcut, 10, 49, 0, 1, 0, 0, 0, 0, 0, 3, 0, 0, 5, 0, 17, 0, 0, 22, 1, 0, 0, 0, 0, 0, 0, 0, 0, 0, 0, 0, 0, 0, 0, 0, 0, 0, 0, 
5, 5, Oak_Shelter, 4, 46, 9, 0, 0, 2, 4, 0, 0, 4, 0, 0, 5, 4, 6, 0, 0, 5, 0, 0, 0, 2, 0, 2, 8, 0, 0, 0, 0, 0, 9, 1, 0, 0, 0, 3, 0, 
5, 5, Pine_Unevenaged, 927, 5273, 841, 567, 14, 346, 60, 0, 7, 655, 0, 0, 483, 31, 554, 34, 50, 706, 378, 176, 98, 170, 0, 148, 1197, 0, 0, 4, 0, 3, 101, 55, 4, 216, 46, 11, 0, 
5, 5, Oak_Unevenaged, 27110, 185414, 4496, 18682, 151, 14430, 5394, 35, 467, 19616, 0, 94, 16709, 4599, 13205, 1099, 0, 18233, 9056, 11028, 0, 5416, 0, 3971, 36248, 55, 490, 128, 20, 184, 4292, 1930, 154, 0, 0, 4224, 0, 
5, 5, Thinning_RedPine, 1, 1, 0, 0, 0, 0, 0, 0, 0, 0, 0, 0, 0, 0, 0, 0, 0, 0, 0, 1, 0, 0, 0, 0, 0, 0, 0, 0, 0, 0, 0, 0, 0, 0, 0, 0, 0, 
5, 5, Thinning_PineHard, 1, 0, 2, 0, 0, 0, 0, 0, 0, 0, 0, 0, 0, 0, 0, 0, 2, 0, 0, 0, 0, 0, 0, 0, 0, 0, 0, 0, 0, 0, 0, 0, 0, 0, 0, 0, 0, 
5, 5, Thinning_Aspen, 3, 1, 4, 0, 0, 0, 0, 0, 0, 0, 0, 0, 0, 0, 0, 0, 0, 0, 0, 0, 0, 0, 0, 1, 4, 0, 0, 0, 0, 0, 0, 0, 0, 0, 0, 0, 0, 
5, 6, JPine_Clearcut, 1, 10, 0, 0, 0, 0, 0, 0, 0, 2, 0, 0, 0, 0, 0, 0, 0, 0, 2, 3, 1, 0, 0, 0, 2, 0, 0, 0, 0, 0, 0, 0, 0, 0, 0, 0, 0, 
5, 6, CNF_RPine_Clearcut, 1, 12, 0, 2, 0, 0, 0, 0, 0, 3, 0, 0, 0, 0, 0, 0, 2, 1, 0, 3, 1, 0, 0, 0, 0, 0, 0, 0, 0, 0, 0, 0, 0, 0, 0, 0, 0, 
5, 6, CNF_SpruceFir, 19, 146, 0, 31, 0, 3, 0, 0, 0, 16, 0, 0, 1, 6, 2, 2, 3, 7, 4, 3, 1, 2, 0, 4, 47, 0, 0, 0, 0, 0, 4, 1, 0, 0, 2, 7, 0, 
5, 6, Aspen_Clearcut, 10, 74, 0, 0, 0, 8, 4, 0, 0, 8, 0, 0, 0, 7, 0, 2, 0, 0, 0, 1, 0, 7, 0, 7, 21, 1, 0, 0, 0, 0, 2, 2, 0, 0, 2, 2, 0, 
5, 6, Oak_Clearcut, 3, 21, 0, 0, 0, 3, 0, 0, 0, 0, 0, 0, 3, 0, 0, 0, 0, 0, 0, 0, 0, 0, 0, 0, 2, 0, 0, 0, 0, 0, 5, 6, 0, 0, 0, 2, 0, 
5, 6, LowlandConifer_Clearcut, 24, 183, 0, 10, 0, 9, 1, 0, 0, 10, 0, 0, 6, 3, 46, 0, 0, 86, 0, 0, 0, 2, 0, 1, 8, 0, 0, 0, 0, 0, 1, 0, 0, 0, 0, 0, 0, 
5, 6, Oak_Shelter, 8, 61, 7, 0, 2, 0, 0, 0, 0, 1, 0, 0, 6, 8, 0, 6, 0, 0, 3, 1, 0, 0, 0, 0, 21, 0, 2, 2, 0, 0, 7, 3, 0, 0, 0, 6, 0, 
5, 6, Pine_Unevenaged, 9, 65, 21, 15, 0, 3, 1, 0, 0, 15, 0, 0, 2, 0, 0, 2, 0, 14, 0, 8, 10, 0, 0, 0, 14, 0, 0, 0, 0, 0, 0, 1, 0, 1, 0, 0, 0, 
5, 6, Oak_Unevenaged, 1561, 10494, 287, 1074, 23, 774, 378, 1, 16, 1132, 0, 0, 1057, 270, 812, 69, 0, 1081, 279, 451, 0, 260, 0, 262, 2005, 11, 17, 5, 8, 4, 275, 167, 11, 0, 0, 339, 0, 
5, 6, Hardwoods_Unevenaged, 1, 0, 1, 0, 0, 1, 0, 0, 0, 0, 0, 0, 0, 0, 0, 0, 0, 0, 0, 0, 0, 0, 0, 0, 0, 0, 0, 0, 0, 0, 0, 0, 0, 0, 0, 0, 0, 
5, 6, Thinning_PineHard, 17864, 3856, 40753, 0, 0, 1934, 1173, 0, 56, 0, 0, 0, 8335, 0, 0, 0, 7535, 0, 0, 13967, 5310, 0, 0, 0, 0, 0, 0, 0, 0, 0, 0, 3856, 0, 0, 2197, 246, 0, 
5, 6, Thinning_Aspen, 17, 1, 43, 0, 0, 0, 0, 0, 0, 0, 0, 0, 0, 0, 0, 0, 0, 0, 0, 0, 0, 0, 0, 1, 43, 0, 0, 0, 0, 0, 0, 0, 0, 0, 0, 0, 0, 
5, 8, JPine_Clearcut, 3, 19, 0, 0, 0, 2, 0, 0, 0, 0, 0, 0, 0, 1, 0, 1, 0, 0, 6, 3, 0, 0, 0, 1, 2, 0, 0, 0, 0, 0, 2, 1, 0, 0, 0, 0, 0, 
5, 8, CNF_RPine_Clearcut, 4, 45, 0, 4, 0, 5, 3, 0, 1, 8, 0, 0, 5, 3, 0, 0, 4, 2, 0, 7, 2, 0, 0, 0, 0, 0, 0, 0, 0, 0, 1, 0, 0, 0, 0, 0, 0, 
5, 8, CNF_SpruceFir, 12, 129, 0, 6, 0, 17, 2, 0, 0, 11, 0, 0, 4, 15, 0, 0, 7, 0, 3, 2, 1, 1, 0, 0, 46, 0, 1, 0, 0, 0, 2, 1, 0, 0, 3, 7, 0, 
5, 8, Aspen_Clearcut, 13, 108, 0, 1, 0, 11, 4, 0, 0, 7, 0, 0, 0, 0, 2, 0, 0, 17, 5, 4, 0, 4, 0, 6, 42, 0, 0, 0, 0, 0, 3, 0, 0, 0, 0, 2, 0, 
5, 8, Oak_Clearcut, 3, 36, 0, 0, 0, 2, 2, 0, 0, 2, 0, 0, 0, 0, 0, 1, 0, 0, 0, 0, 0, 0, 0, 0, 0, 0, 0, 0, 0, 0, 11, 12, 0, 0, 4, 1, 1, 
5, 8, LowlandConifer_Clearcut, 2, 16, 0, 0, 0, 0, 0, 0, 0, 0, 0, 0, 0, 0, 2, 0, 0, 14, 0, 0, 0, 0, 0, 0, 0, 0, 0, 0, 0, 0, 0, 0, 0, 0, 0, 0, 0, 
5, 8, Oak_Shelter, 10, 44, 15, 0, 0, 20, 0, 0, 0, 1, 0, 0, 0, 5, 0, 0, 0, 0, 0, 0, 0, 0, 0, 0, 10, 0, 0, 0, 0, 0, 15, 4, 0, 0, 0, 4, 0, 
5, 8, Pine_Unevenaged, 3, 39, 6, 18, 0, 0, 0, 0, 0, 3, 0, 0, 0, 0, 3, 0, 0, 9, 0, 0, 6, 0, 0, 0, 6, 0, 0, 0, 0, 0, 0, 0, 0, 0, 0, 0, 0, 
5, 8, Oak_Unevenaged, 7, 54, 1, 2, 0, 1, 0, 0, 0, 0, 0, 0, 0, 0, 16, 0, 0, 25, 0, 0, 0, 0, 0, 1, 9, 0, 0, 0, 1, 0, 0, 0, 0, 0, 0, 0, 0, 
5, 8, Hardwoods_Unevenaged, 8, 0, 20, 0, 0, 0, 6, 0, 0, 0, 0, 0, 0, 0, 0, 0, 0, 0, 0, 0, 0, 0, 0, 0, 0, 0, 0, 0, 0, 0, 0, 5, 0, 0, 9, 0, 0, 
5, 8, Thinning_RedPine, 3, 12, 0, 0, 0, 0, 0, 0, 0, 0, 0, 0, 0, 0, 0, 0, 0, 0, 0, 12, 0, 0, 0, 0, 0, 0, 0, 0, 0, 0, 0, 0, 0, 0, 0, 0, 0, 
5, 8, Thinning_PineHard, 24, 0, 44, 0, 0, 0, 0, 0, 0, 0, 0, 0, 0, 0, 0, 0, 42, 0, 0, 2, 0, 0, 0, 0, 0, 0, 0, 0, 0, 0, 0, 0, 0, 0, 0, 0, 0, 
5, 8, Thinning_Aspen, 7, 0, 15, 0, 0, 0, 0, 0, 0, 0, 0, 0, 0, 0, 0, 0, 0, 0, 0, 0, 0, 0, 0, 0, 15, 0, 0, 0, 0, 0, 0, 0, 0, 0, 0, 0, 0, 
10, 1, JPine_Clearcut, 126, 864, 0, 12, 0, 12, 4, 0, 0, 107, 0, 0, 37, 1, 8, 3, 53, 15, 217, 104, 18, 13, 0, 14, 166, 0, 6, 1, 0, 0, 15, 4, 0, 3, 2, 49, 0, 
10, 1, CNF_RPine_Clearcut, 54, 861, 0, 15, 0, 1, 1, 0, 2, 142, 0, 0, 0, 0, 9, 4, 49, 3, 34, 359, 140, 7, 0, 21, 60, 0, 3, 0, 0, 0, 4, 4, 0, 1, 2, 0, 0, 
10, 1, CNF_SpruceFir, 282, 3528, 0, 304, 4, 82, 29, 0, 5, 527, 0, 0, 34, 18, 22, 95, 270, 68, 42, 89, 50, 117, 0, 66, 1369, 1, 46, 1, 0, 0, 72, 35, 1, 17, 39, 125, 0, 
10, 1, Aspen_Clearcut, 574, 6456, 0, 103, 0, 89, 25, 0, 2, 1116, 0, 0, 39, 18, 28, 226, 190, 60, 14, 103, 128, 609, 0, 522, 2627, 0, 72, 2, 2, 0, 82, 58, 1, 28, 42, 270, 0, 
10, 1, Oak_Clearcut, 56, 357, 0, 0, 0, 28, 0, 0, 0, 19, 0, 0, 8, 25, 0, 2, 3, 0, 0, 2, 1, 3, 0, 3, 38, 0, 0, 0, 0, 0, 165, 34, 0, 12, 5, 9, 0, 
10, 1, LowlandConifer_Clearcut, 55, 761, 0, 6, 0, 2, 1, 0, 0, 31, 0, 0, 1, 2, 32, 1, 36, 562, 6, 14, 22, 6, 0, 3, 29, 0, 0, 0, 1, 0, 0, 1, 0, 0, 4, 1, 0, 
10, 1, Oak_Shelter, 417, 2107, 593, 78, 0, 275, 15, 1, 0, 338, 0, 3, 210, 148, 30, 37, 0, 41, 12, 69, 0, 57, 0, 66, 518, 0, 6, 0, 0, 3, 590, 80, 7, 0, 0, 116, 0, 
10, 1, Pine_Unevenaged, 43, 187, 527, 1, 0, 0, 3, 0, 0, 76, 0, 0, 0, 0, 1, 2, 30, 4, 1, 220, 282, 3, 0, 34, 55, 0, 0, 0, 0, 0, 0, 0, 0, 0, 2, 0, 0, 
10, 1, Oak_Unevenaged, 61, 99, 53, 0, 0, 4, 1, 0, 0, 27, 0, 0, 14, 1, 0, 2, 0, 0, 0, 0, 0, 4, 0, 12, 25, 0, 2, 0, 46, 0, 7, 0, 0, 0, 0, 7, 0, 
10, 1, Hardwoods_Unevenaged, 164, 0, 471, 0, 0, 28, 99, 0, 0, 0, 0, 0, 8, 0, 0, 0, 0, 0, 0, 0, 0, 0, 0, 0, 0, 0, 0, 0, 0, 0, 0, 120, 0, 0, 210, 6, 0, 
10, 1, Thinning_RedPine, 41, 162, 0, 0, 0, 0, 0, 0, 0, 0, 0, 0, 0, 0, 0, 0, 0, 0, 0, 162, 0, 0, 0, 0, 0, 0, 0, 0, 0, 0, 0, 0, 0, 0, 0, 0, 0, 
10, 1, Thinning_PineHard, 448, 42, 1379, 0, 0, 29, 21, 0, 0, 0, 0, 0, 102, 0, 0, 0, 387, 0, 0, 471, 293, 0, 0, 0, 0, 0, 0, 0, 0, 0, 0, 42, 0, 0, 60, 16, 0, 
10, 1, Thinning_Aspen, 147, 80, 412, 0, 0, 0, 0, 0, 0, 0, 0, 0, 0, 0, 0, 0, 0, 0, 0, 0, 0, 0, 0, 80, 407, 0, 0, 0, 0, 0, 0, 5, 0, 0, 0, 0, 0, 
10, 4, Aspen_Clearcut, 3, 21, 0, 1, 0, 1, 0, 0, 0, 1, 0, 0, 1, 0, 2, 0, 1, 0, 0, 3, 0, 3, 0, 1, 6, 0, 0, 0, 0, 0, 0, 0, 0, 0, 0, 1, 0, 
10, 4, Oak_Clearcut, 2, 18, 0, 0, 0, 0, 0, 0, 0, 2, 0, 0, 0, 0, 0, 0, 0, 0, 0, 2, 9, 0, 0, 0, 2, 0, 0, 0, 0, 0, 2, 1, 0, 0, 0, 0, 0, 
10, 4, Oak_Shelter, 2, 5, 1, 0, 0, 0, 0, 0, 0, 0, 0, 1, 0, 2, 0, 0, 0, 0, 0, 0, 0, 0, 0, 0, 2, 0, 0, 0, 0, 0, 1, 0, 0, 0, 0, 0, 0, 
10, 4, Pine_Unevenaged, 9, 20, 20, 0, 0, 2, 8, 0, 0, 3, 0, 0, 1, 0, 0, 0, 8, 2, 0, 1, 3, 0, 0, 3, 9, 0, 0, 0, 0, 0, 0, 0, 0, 0, 0, 0, 0, 
10, 4, Oak_Unevenaged, 86987, 704285, 23964, 47619, 1313, 59724, 29209, 151, 1948, 97530, 0, 507, 55186, 21639, 35566, 7554, 0, 38872, 24490, 37334, 0, 26821, 0, 28312, 153149, 225, 2763, 734, 156, 933, 22875, 9230, 917, 0, 0, 23492, 0, 
10, 4, Hardwoods_Unevenaged, 1, 0, 3, 0, 0, 0, 2, 0, 0, 0, 0, 0, 0, 0, 0, 0, 0, 0, 0, 0, 0, 0, 0, 0, 0, 0, 0, 0, 0, 0, 0, 0, 0, 0, 1, 0, 0, 
10, 4, Thinning_PineHard, 2, 0, 6, 0, 0, 0, 0, 0, 0, 0, 0, 0, 0, 0, 0, 0, 1, 0, 0, 3, 2, 0, 0, 0, 0, 0, 0, 0, 0, 0, 0, 0, 0, 0, 0, 0, 0, 
10, 4, Thinning_Aspen, 3, 0, 5, 0, 0, 0, 0, 0, 0, 0, 0, 0, 0, 0, 0, 0, 0, 0, 0, 0, 0, 0, 0, 0, 5, 0, 0, 0, 0, 0, 0, 0, 0, 0, 0, 0, 0, 
10, 5, CNF_SpruceFir, 1, 4, 0, 0, 0, 0, 0, 0, 0, 0, 0, 0, 0, 0, 0, 0, 0, 0, 0, 0, 0, 0, 0, 0, 4, 0, 0, 0, 0, 0, 0, 0, 0, 0, 0, 0, 0, 
10, 5, Oak_Clearcut, 1, 11, 0, 0, 0, 0, 0, 0, 0, 0, 0, 0, 1, 0, 0, 0, 0, 0, 0, 0, 0, 0, 0, 1, 1, 0, 0, 0, 0, 0, 7, 0, 0, 0, 0, 1, 0, 
10, 5, Oak_Shelter, 6, 16, 4, 0, 0, 4, 0, 0, 0, 6, 0, 0, 0, 2, 0, 0, 0, 0, 0, 0, 0, 0, 0, 0, 3, 0, 0, 0, 0, 0, 4, 0, 0, 0, 0, 1, 0, 
10, 5, Pine_Unevenaged, 757, 1095, 798, 1, 4, 94, 52, 0, 6, 262, 0, 0, 141, 31, 9, 12, 48, 9, 0, 161, 89, 56, 0, 64, 437, 0, 0, 1, 0, 3, 100, 53, 5, 198, 46, 11, 0, 
10, 5, Thinning_RedPine, 4, 11, 0, 0, 0, 0, 0, 0, 0, 0, 0, 0, 0, 0, 0, 0, 0, 0, 0, 11, 0, 0, 0, 0, 0, 0, 0, 0, 0, 0, 0, 0, 0, 0, 0, 0, 0, 
10, 5, Thinning_PineHard, 4213, 0, 8165, 0, 0, 0, 0, 0, 0, 0, 0, 0, 0, 0, 0, 0, 3477, 0, 0, 0, 4030, 0, 0, 0, 0, 0, 0, 0, 0, 0, 0, 0, 0, 0, 658, 0, 0, 
10, 5, Thinning_Aspen, 2, 0, 2, 0, 0, 0, 0, 0, 0, 0, 0, 0, 0, 0, 0, 0, 0, 0, 0, 0, 0, 0, 0, 0, 2, 0, 0, 0, 0, 0, 0, 0, 0, 0, 0, 0, 0, 
10, 6, CNF_RPine_Clearcut, 1, 7, 0, 0, 0, 0, 0, 0, 0, 0, 0, 0, 0, 0, 0, 0, 0, 0, 0, 4, 2, 0, 0, 0, 1, 0, 0, 0, 0, 0, 0, 0, 0, 0, 0, 0, 0, 
10, 6, CNF_SpruceFir, 7, 79, 0, 7, 0, 3, 0, 0, 0, 11, 0, 0, 0, 1, 0, 0, 4, 3, 0, 0, 0, 10, 0, 1, 23, 0, 1, 0, 0, 0, 8, 0, 0, 1, 2, 4, 0, 
10, 6, Aspen_Clearcut, 4, 63, 0, 6, 0, 2, 0, 0, 0, 12, 0, 0, 0, 0, 0, 1, 4, 1, 0, 0, 4, 5, 0, 0, 16, 0, 1, 0, 0, 0, 2, 1, 0, 5, 0, 3, 0, 
10, 6, Oak_Clearcut, 7, 41, 0, 0, 0, 0, 0, 0, 0, 1, 0, 0, 1, 2, 1, 1, 0, 1, 0, 0, 0, 1, 0, 0, 5, 0, 2, 1, 0, 0, 20, 1, 0, 1, 1, 2, 0, 
10, 6, LowlandConifer_Clearcut, 63586, 599419, 0, 35176, 791, 30053, 10083, 170, 1009, 61534, 0, 59, 33641, 12428, 48623, 4033, 16668, 54040, 10705, 29305, 12252, 20068, 145, 13578, 88647, 609, 1471, 388, 537, 2286, 49552, 21911, 1171, 0, 24738, 13725, 23, 
10, 6, Pine_Unevenaged, 6, 6, 8, 0, 0, 1, 1, 0, 0, 2, 0, 0, 0, 0, 0, 0, 0, 0, 0, 0, 5, 0, 0, 0, 3, 0, 0, 0, 0, 0, 0, 1, 0, 1, 0, 0, 0, 
10, 6, Oak_Unevenaged, 1515, 2837, 286, 6, 8, 214, 7, 1, 1, 574, 0, 0, 294, 122, 106, 31, 0, 104, 0, 60, 0, 112, 0, 153, 821, 8, 12, 1, 8, 4, 274, 0, 12, 0, 0, 190, 0, 
10, 6, Thinning_RedPine, 1, 3, 0, 0, 0, 0, 0, 0, 0, 0, 0, 0, 0, 0, 0, 0, 0, 0, 0, 3, 0, 0, 0, 0, 0, 0, 0, 0, 0, 0, 0, 0, 0, 0, 0, 0, 0, 
10, 6, Thinning_PineHard, 14, 0, 35, 0, 0, 0, 2, 0, 0, 0, 0, 0, 3, 0, 0, 0, 15, 0, 0, 9, 6, 0, 0, 0, 0, 0, 0, 0, 0, 0, 0, 0, 0, 0, 0, 0, 0, 
10, 6, Thinning_Aspen, 12, 0, 27, 0, 0, 0, 0, 0, 0, 0, 0, 0, 0, 0, 0, 0, 0, 0, 0, 0, 0, 0, 0, 0, 27, 0, 0, 0, 0, 0, 0, 0, 0, 0, 0, 0, 0, 
10, 8, JPine_Clearcut, 7, 36, 0, 0, 0, 0, 0, 0, 0, 1, 0, 0, 0, 0, 1, 0, 0, 3, 16, 5, 0, 0, 0, 0, 9, 0, 0, 0, 0, 0, 0, 1, 0, 0, 0, 0, 0, 
10, 8, CNF_RPine_Clearcut, 9, 90, 0, 10, 0, 0, 3, 0, 0, 11, 0, 0, 0, 0, 2, 1, 9, 11, 0, 16, 0, 0, 0, 0, 22, 0, 0, 0, 0, 0, 3, 0, 1, 0, 1, 0, 0, 
10, 8, CNF_SpruceFir, 12, 119, 0, 13, 0, 15, 6, 0, 0, 20, 0, 4, 6, 0, 1, 0, 2, 0, 0, 0, 2, 0, 0, 0, 32, 0, 0, 0, 0, 0, 4, 3, 0, 0, 10, 1, 0, 
10, 8, Aspen_Clearcut, 24, 262, 0, 14, 0, 1, 12, 0, 0, 26, 0, 0, 11, 1, 1, 0, 0, 11, 0, 2, 0, 12, 0, 6, 66, 3, 2, 0, 0, 4, 23, 9, 0, 40, 8, 10, 0, 
10, 8, Oak_Clearcut, 4, 30, 0, 0, 0, 7, 0, 0, 0, 3, 0, 0, 0, 2, 0, 1, 0, 0, 0, 0, 0, 0, 0, 1, 6, 0, 0, 2, 0, 0, 7, 1, 0, 0, 0, 0, 0, 
10, 8, LowlandConifer_Clearcut, 3, 50, 0, 4, 0, 0, 0, 0, 0, 8, 0, 0, 0, 0, 1, 0, 5, 15, 0, 8, 5, 1, 0, 0, 2, 0, 0, 0, 0, 0, 0, 1, 0, 0, 0, 0, 0, 
10, 8, Oak_Shelter, 10, 14, 15, 0, 0, 1, 0, 0, 0, 1, 0, 0, 0, 3, 0, 0, 0, 0, 0, 0, 0, 0, 0, 0, 5, 0, 0, 0, 0, 0, 15, 0, 0, 0, 0, 4, 0, 
10, 8, Pine_Unevenaged, 3, 6, 6, 0, 0, 0, 0, 0, 0, 3, 0, 0, 0, 0, 0, 0, 0, 0, 0, 0, 6, 0, 0, 0, 3, 0, 0, 0, 0, 0, 0, 0, 0, 0, 0, 0, 0, 
10, 8, Oak_Unevenaged, 4, 4, 1, 0, 0, 1, 0, 0, 0, 0, 0, 0, 0, 0, 0, 0, 0, 0, 0, 0, 0, 0, 0, 1, 2, 0, 0, 0, 1, 0, 0, 0, 0, 0, 0, 0, 0, 
10, 8, Hardwoods_Unevenaged, 7, 0, 21, 0, 0, 1, 6, 0, 0, 0, 0, 0, 1, 0, 0, 0, 0, 0, 0, 0, 0, 0, 0, 0, 0, 0, 0, 0, 0, 0, 0, 3, 0, 0, 10, 0, 0, 
10, 8, Thinning_RedPine, 3, 6, 0, 0, 0, 0, 0, 0, 0, 0, 0, 0, 0, 0, 0, 0, 0, 0, 0, 6, 0, 0, 0, 0, 0, 0, 0, 0, 0, 0, 0, 0, 0, 0, 0, 0, 0, 
10, 8, Thinning_PineHard, 24, 0, 44, 0, 0, 0, 0, 0, 0, 0, 0, 0, 0, 0, 0, 0, 42, 0, 0, 2, 0, 0, 0, 0, 0, 0, 0, 0, 0, 0, 0, 0, 0, 0, 0, 0, 0, 
10, 8, Thinning_Aspen, 10, 3, 17, 0, 0, 0, 0, 0, 0, 0, 0, 0, 0, 0, 0, 0, 0, 0, 0, 0, 0, 0, 0, 3, 17, 0, 0, 0, 0, 0, 0, 0, 0, 0, 0, 0, 0, 
15, 1, JPine_Clearcut, 104, 658, 0, 14, 0, 10, 9, 0, 5, 69, 0, 0, 10, 1, 0, 1, 3, 4, 171, 93, 14, 46, 0, 15, 135, 0, 0, 0, 0, 5, 26, 5, 1, 2, 8, 11, 0, 
15, 1, CNF_RPine_Clearcut, 54, 986, 0, 12, 0, 1, 0, 0, 0, 199, 0, 0, 2, 0, 3, 18, 55, 22, 14, 342, 139, 10, 0, 21, 135, 0, 3, 0, 0, 0, 2, 2, 0, 2, 3, 1, 0, 
15, 1, CNF_SpruceFir, 282, 3358, 0, 447, 2, 55, 9, 1, 2, 478, 0, 0, 36, 11, 18, 46, 349, 54, 28, 64, 37, 74, 0, 60, 1347, 0, 16, 1, 0, 0, 66, 23, 0, 21, 28, 85, 0, 
15, 1, Aspen_Clearcut, 574, 6644, 0, 135, 2, 57, 25, 0, 1, 1302, 0, 0, 73, 34, 11, 262, 167, 81, 24, 77, 69, 772, 0, 308, 2624, 2, 68, 1, 0, 4, 111, 38, 2, 10, 35, 349, 0, 
15, 1, Oak_Clearcut, 54, 368, 0, 0, 2, 11, 0, 0, 0, 15, 0, 0, 3, 3, 0, 3, 8, 0, 1, 0, 4, 0, 0, 4, 34, 0, 0, 0, 0, 0, 193, 53, 1, 24, 3, 6, 0, 
15, 1, LowlandConifer_Clearcut, 55, 721, 0, 29, 0, 4, 0, 0, 1, 45, 0, 0, 3, 0, 40, 3, 6, 509, 0, 1, 14, 4, 0, 1, 52, 0, 0, 0, 0, 0, 2, 3, 0, 0, 0, 4, 0, 
15, 1, Oak_Shelter, 416, 1942, 628, 66, 4, 220, 4, 1, 0, 278, 0, 1, 117, 64, 19, 47, 0, 7, 19, 66, 0, 23, 0, 133, 494, 0, 32, 4, 1, 18, 609, 221, 1, 0, 0, 121, 0, 
15, 1, Pine_Unevenaged, 41, 178, 507, 0, 0, 0, 4, 0, 0, 77, 0, 0, 0, 0, 0, 6, 15, 0, 6, 178, 307, 4, 0, 30, 55, 0, 0, 0, 0, 0, 0, 0, 0, 0, 2, 1, 0, 
15, 1, Oak_Unevenaged, 54, 62, 54, 1, 0, 2, 0, 0, 0, 14, 0, 0, 0, 0, 4, 0, 0, 2, 0, 10, 0, 2, 0, 9, 17, 0, 0, 0, 46, 1, 7, 0, 0, 0, 0, 1, 0, 
15, 1, Hardwoods_Unevenaged, 167, 0, 569, 0, 0, 29, 164, 0, 1, 0, 0, 0, 10, 0, 0, 0, 0, 0, 0, 0, 0, 0, 0, 0, 0, 0, 0, 0, 0, 0, 0, 105, 0, 0, 257, 3, 0, 
15, 1, Thinning_RedPine, 42, 171, 0, 0, 0, 0, 0, 0, 0, 0, 0, 0, 0, 0, 0, 0, 0, 0, 0, 171, 0, 0, 0, 0, 0, 0, 0, 0, 0, 0, 0, 0, 0, 0, 0, 0, 0, 
15, 1, Thinning_PineHard, 431, 27, 1517, 0, 0, 33, 43, 0, 1, 0, 0, 0, 82, 0, 0, 0, 502, 0, 0, 499, 270, 0, 0, 0, 0, 0, 0, 0, 0, 0, 0, 27, 0, 0, 71, 16, 0, 
15, 1, Thinning_Aspen, 148, 83, 358, 0, 0, 0, 0, 0, 0, 0, 0, 0, 0, 0, 0, 0, 0, 0, 0, 0, 0, 0, 0, 83, 351, 0, 0, 0, 0, 0, 0, 7, 0, 0, 0, 0, 0, 
15, 4, Aspen_Clearcut, 4, 26, 0, 0, 0, 0, 0, 0, 0, 8, 0, 0, 2, 0, 0, 0, 0, 0, 0, 0, 0, 4, 0, 1, 7, 0, 0, 0, 0, 0, 0, 3, 0, 1, 0, 0, 0, 
15, 4, Oak_Clearcut, 1, 8, 0, 0, 0, 0, 0, 0, 0, 1, 0, 0, 2, 0, 0, 0, 0, 0, 0, 0, 0, 0, 0, 0, 2, 0, 0, 0, 0, 0, 2, 0, 0, 1, 0, 0, 0, 
15, 4, LowlandConifer_Clearcut, 4, 36, 0, 8, 0, 0, 0, 0, 0, 4, 0, 0, 6, 0, 8, 0, 0, 6, 1, 0, 0, 0, 0, 0, 3, 0, 0, 0, 0, 0, 0, 0, 0, 0, 0, 0, 0, 
15, 4, Oak_Shelter, 2, 3, 3, 0, 0, 0, 0, 0, 0, 0, 0, 1, 0, 0, 0, 0, 0, 0, 0, 0, 0, 0, 0, 0, 2, 0, 0, 0, 0, 1, 2, 0, 0, 0, 0, 0, 0, 
15, 4, Pine_Unevenaged, 11, 13, 31, 0, 0, 1, 8, 0, 0, 4, 0, 0, 0, 0, 0, 0, 12, 0, 0, 2, 4, 0, 0, 2, 6, 0, 0, 0, 0, 0, 0, 1, 0, 0, 4, 0, 0, 
15, 4, Oak_Unevenaged, 77817, 168144, 34602, 0, 398, 13954, 500, 94, 148, 36057, 0, 148, 15351, 8830, 0, 2386, 0, 0, 0, 0, 0, 7648, 0, 11949, 50155, 95, 826, 252, 198, 1492, 32911, 6600, 575, 0, 0, 12178, 1, 
15, 4, Hardwoods_Unevenaged, 1, 0, 5, 0, 0, 0, 3, 0, 0, 0, 0, 0, 0, 0, 0, 0, 0, 0, 0, 0, 0, 0, 0, 0, 0, 0, 0, 0, 0, 0, 0, 1, 0, 0, 1, 0, 0, 
15, 4, Thinning_RedPine, 1, 2, 0, 0, 0, 0, 0, 0, 0, 0, 0, 0, 0, 0, 0, 0, 0, 0, 0, 2, 0, 0, 0, 0, 0, 0, 0, 0, 0, 0, 0, 0, 0, 0, 0, 0, 0, 
15, 4, Thinning_PineHard, 5, 0, 5, 0, 0, 0, 0, 0, 0, 0, 0, 0, 1, 0, 0, 0, 0, 0, 0, 4, 0, 0, 0, 0, 0, 0, 0, 0, 0, 0, 0, 0, 0, 0, 0, 0, 0, 
15, 4, Thinning_Aspen, 3, 1, 7, 0, 0, 0, 0, 0, 0, 0, 0, 0, 0, 0, 0, 0, 0, 0, 0, 0, 0, 0, 0, 1, 7, 0, 0, 0, 0, 0, 0, 0, 0, 0, 0, 0, 0, 
15, 5, JPine_Clearcut, 4, 21, 0, 2, 0, 2, 0, 0, 0, 1, 0, 0, 2, 0, 2, 0, 0, 0, 8, 0, 0, 1, 0, 0, 3, 0, 0, 0, 0, 0, 0, 0, 0, 0, 0, 0, 0, 
15, 5, CNF_SpruceFir, 1, 10, 0, 3, 0, 0, 0, 0, 0, 0, 0, 0, 0, 0, 1, 0, 3, 0, 0, 0, 0, 0, 0, 0, 2, 0, 0, 0, 0, 0, 1, 0, 0, 0, 0, 0, 0, 
15, 5, Aspen_Clearcut, 2, 12, 0, 0, 0, 0, 0, 0, 0, 0, 0, 0, 0, 0, 0, 0, 0, 0, 0, 2, 0, 0, 0, 0, 5, 0, 0, 1, 0, 0, 3, 0, 0, 1, 0, 0, 0, 
15, 5, LowlandConifer_Clearcut, 3, 29, 0, 7, 0, 0, 0, 0, 0, 2, 0, 0, 0, 0, 10, 0, 0, 3, 0, 0, 0, 0, 0, 0, 7, 0, 0, 0, 0, 0, 0, 0, 0, 0, 0, 0, 0, 
15, 5, Oak_Shelter, 5, 10, 6, 0, 0, 2, 0, 0, 0, 4, 0, 0, 0, 0, 0, 0, 0, 0, 0, 0, 0, 0, 0, 0, 3, 0, 0, 0, 0, 0, 6, 0, 0, 0, 0, 1, 0, 
15, 5, Pine_Unevenaged, 9, 13, 2, 0, 0, 0, 0, 0, 0, 7, 0, 0, 0, 0, 0, 0, 0, 0, 0, 0, 2, 1, 0, 0, 5, 0, 0, 0, 0, 0, 0, 0, 0, 0, 0, 0, 0, 
15, 5, Oak_Unevenaged, 22408, 41109, 6274, 15, 62, 3650, 122, 28, 45, 8397, 0, 27, 4665, 1953, 296, 372, 0, 292, 0, 306, 0, 1548, 0, 1970, 13399, 25, 224, 67, 31, 264, 5979, 1036, 155, 0, 0, 2455, 0, 
15, 5, Thinning_PineHard, 271, 38, 580, 0, 0, 1, 30, 0, 6, 0, 0, 0, 0, 0, 0, 0, 104, 0, 0, 278, 128, 0, 0, 0, 0, 0, 0, 0, 0, 0, 0, 38, 0, 0, 27, 6, 0, 
15, 6, JPine_Clearcut, 2, 15, 0, 0, 0, 0, 0, 0, 0, 3, 0, 0, 0, 0, 0, 0, 0, 0, 5, 5, 0, 0, 0, 0, 1, 0, 0, 0, 0, 0, 0, 0, 0, 0, 0, 1, 0, 
15, 6, CNF_SpruceFir, 2, 17, 0, 6, 0, 0, 0, 0, 0, 1, 0, 0, 1, 0, 1, 0, 3, 1, 0, 0, 1, 1, 0, 0, 1, 0, 0, 0, 0, 0, 1, 0, 0, 0, 0, 0, 0, 
15, 6, Aspen_Clearcut, 9, 74, 0, 2, 0, 4, 4, 0, 0, 7, 0, 0, 3, 0, 0, 0, 6, 2, 0, 3, 2, 0, 0, 3, 19, 0, 2, 0, 0, 0, 7, 3, 0, 2, 3, 2, 0, 
15, 6, LowlandConifer_Clearcut, 44, 441, 0, 9, 6, 17, 29, 0, 0, 39, 0, 0, 22, 19, 19, 11, 14, 23, 0, 4, 4, 7, 0, 11, 70, 0, 0, 0, 0, 0, 57, 23, 0, 0, 32, 25, 0, 
15, 6, Pine_Unevenaged, 4, 6, 17, 0, 0, 1, 1, 0, 0, 3, 0, 0, 1, 0, 0, 0, 0, 0, 0, 5, 9, 0, 0, 0, 1, 0, 0, 0, 0, 0, 0, 0, 0, 2, 0, 0, 0, 
15, 6, Oak_Unevenaged, 1212, 1696, 426, 0, 5, 109, 0, 1, 0, 464, 0, 0, 0, 0, 0, 15, 0, 0, 0, 0, 0, 57, 0, 130, 692, 0, 0, 0, 8, 4, 414, 68, 9, 0, 0, 146, 0, 
15, 6, Hardwoods_Unevenaged, 1, 0, 1, 0, 0, 0, 0, 0, 0, 0, 0, 0, 0, 0, 0, 0, 0, 0, 0, 0, 0, 0, 0, 0, 0, 0, 0, 0, 0, 0, 0, 0, 0, 0, 1, 0, 0, 
15, 6, Thinning_PineHard, 8, 1, 14, 0, 0, 2, 0, 0, 0, 0, 0, 0, 2, 0, 0, 0, 3, 0, 0, 6, 0, 0, 0, 0, 0, 0, 0, 0, 0, 0, 0, 1, 0, 0, 1, 0, 0, 
15, 6, Thinning_Aspen, 6, 2, 13, 0, 0, 0, 0, 0, 0, 0, 0, 0, 0, 0, 0, 0, 0, 0, 0, 0, 0, 0, 0, 2, 13, 0, 0, 0, 0, 0, 0, 0, 0, 0, 0, 0, 0, 
15, 8, CNF_SpruceFir, 8, 54, 0, 12, 0, 2, 2, 0, 0, 8, 0, 0, 0, 0, 0, 0, 5, 1, 0, 0, 0, 0, 0, 0, 18, 0, 4, 0, 0, 0, 2, 0, 0, 0, 0, 0, 0, 
15, 8, Aspen_Clearcut, 13, 126, 0, 2, 0, 10, 10, 0, 0, 16, 0, 0, 2, 6, 0, 5, 0, 0, 0, 1, 0, 8, 0, 16, 35, 0, 0, 0, 0, 0, 1, 5, 0, 2, 6, 1, 0, 
15, 8, Oak_Clearcut, 2, 5, 0, 0, 0, 0, 0, 0, 0, 1, 0, 0, 0, 0, 0, 0, 0, 0, 0, 0, 0, 0, 0, 0, 1, 0, 0, 0, 0, 0, 3, 0, 0, 0, 0, 0, 0, 
15, 8, LowlandConifer_Clearcut, 13, 80, 0, 4, 0, 0, 0, 0, 0, 5, 0, 0, 2, 0, 3, 0, 1, 54, 0, 0, 0, 2, 0, 1, 8, 0, 0, 0, 0, 0, 0, 0, 0, 0, 0, 0, 0, 
15, 8, Oak_Shelter, 15, 98, 24, 0, 0, 9, 0, 0, 0, 0, 0, 0, 6, 0, 0, 0, 0, 11, 0, 9, 0, 0, 0, 21, 27, 0, 0, 0, 0, 0, 24, 11, 1, 0, 0, 3, 0, 
15, 8, Pine_Unevenaged, 3, 5, 6, 0, 0, 0, 0, 0, 0, 2, 0, 0, 0, 0, 0, 0, 0, 0, 0, 0, 6, 0, 0, 0, 3, 0, 0, 0, 0, 0, 0, 0, 0, 0, 0, 0, 0, 
15, 8, Oak_Unevenaged, 4, 4, 1, 0, 0, 1, 0, 0, 0, 0, 0, 0, 0, 0, 0, 0, 0, 0, 0, 0, 0, 0, 0, 1, 2, 0, 0, 0, 1, 0, 0, 0, 0, 0, 0, 0, 0, 
15, 8, Hardwoods_Unevenaged, 3, 0, 21, 0, 0, 0, 9, 0, 0, 0, 0, 0, 0, 0, 0, 0, 0, 0, 0, 0, 0, 0, 0, 0, 0, 0, 0, 0, 0, 0, 0, 0, 0, 0, 12, 0, 0, 
15, 8, Thinning_RedPine, 1, 2, 0, 0, 0, 0, 0, 0, 0, 0, 0, 0, 0, 0, 0, 0, 0, 0, 0, 2, 0, 0, 0, 0, 0, 0, 0, 0, 0, 0, 0, 0, 0, 0, 0, 0, 0, 
15, 8, Thinning_PineHard, 10, 2, 18, 0, 0, 0, 0, 0, 0, 0, 0, 0, 6, 0, 0, 0, 6, 0, 0, 0, 0, 0, 0, 0, 0, 0, 0, 0, 0, 0, 0, 2, 0, 0, 6, 0, 0, 
15, 8, Thinning_Aspen, 94, 7, 157, 0, 0, 0, 0, 0, 0, 0, 0, 0, 0, 0, 0, 0, 0, 0, 0, 0, 0, 0, 0, 7, 151, 0, 0, 0, 0, 0, 0, 6, 0, 0, 0, 0, 0, 
20, 1, JPine_Clearcut, 12, 88, 0, 3, 0, 0, 0, 0, 0, 9, 0, 0, 0, 0, 1, 0, 3, 5, 21, 18, 2, 0, 0, 7, 8, 0, 3, 0, 0, 0, 0, 0, 0, 1, 2, 5, 0, 
20, 1, CNF_RPine_Clearcut, 54, 858, 0, 27, 0, 6, 4, 0, 0, 165, 0, 0, 0, 0, 4, 3, 40, 19, 34, 319, 128, 8, 0, 33, 47, 0, 5, 0, 0, 0, 0, 8, 1, 3, 2, 2, 0, 
20, 1, CNF_SpruceFir, 283, 3283, 0, 376, 3, 94, 39, 1, 2, 437, 0, 0, 69, 33, 35, 44, 223, 61, 18, 84, 44, 137, 0, 66, 1172, 0, 11, 0, 0, 0, 63, 18, 3, 24, 56, 170, 0, 
20, 1, Aspen_Clearcut, 574, 5764, 0, 118, 0, 122, 39, 0, 0, 906, 0, 0, 82, 25, 13, 178, 189, 49, 19, 114, 90, 461, 0, 401, 2349, 10, 60, 2, 2, 5, 90, 75, 2, 57, 56, 250, 0, 
20, 1, Oak_Clearcut, 55, 252, 0, 0, 1, 8, 0, 0, 0, 13, 0, 0, 2, 0, 0, 1, 8, 0, 0, 0, 5, 2, 0, 3, 21, 0, 0, 0, 0, 3, 153, 8, 0, 12, 3, 9, 0, 
20, 1, LowlandConifer_Clearcut, 55, 633, 0, 63, 0, 12, 0, 0, 1, 42, 0, 0, 9, 8, 41, 0, 11, 366, 4, 0, 0, 13, 0, 1, 46, 0, 1, 2, 0, 0, 4, 0, 0, 0, 3, 6, 0, 
20, 1, Oak_Shelter, 414, 1438, 570, 72, 11, 183, 16, 1, 0, 227, 0, 0, 68, 45, 5, 33, 0, 4, 27, 45, 0, 27, 0, 57, 401, 0, 16, 3, 0, 15, 555, 111, 3, 0, 0, 83, 0, 
20, 1, Pine_Unevenaged, 41, 74, 509, 0, 0, 0, 4, 0, 0, 26, 0, 0, 0, 0, 0, 0, 14, 0, 0, 181, 308, 1, 0, 23, 24, 0, 0, 0, 0, 0, 0, 0, 0, 0, 2, 0, 0, 
20, 1, Oak_Unevenaged, 57, 44, 57, 0, 0, 1, 0, 0, 0, 12, 0, 0, 0, 0, 0, 0, 0, 0, 0, 0, 0, 2, 0, 8, 19, 0, 0, 0, 49, 1, 7, 0, 0, 0, 0, 2, 0, 
20, 1, Hardwoods_Unevenaged, 166, 0, 561, 0, 0, 27, 162, 0, 1, 0, 0, 0, 9, 0, 0, 0, 0, 0, 0, 0, 0, 0, 0, 0, 0, 0, 0, 0, 0, 0, 0, 107, 0, 0, 252, 3, 0, 
20, 1, Thinning_RedPine, 41, 188, 0, 0, 0, 0, 0, 0, 0, 0, 0, 0, 0, 0, 0, 0, 0, 0, 0, 188, 0, 0, 0, 0, 0, 0, 0, 0, 0, 0, 0, 0, 0, 0, 0, 0, 0, 
20, 1, Thinning_PineHard, 453, 65, 1530, 0, 0, 37, 51, 0, 0, 0, 0, 0, 59, 0, 0, 0, 354, 0, 0, 548, 373, 0, 0, 0, 0, 0, 0, 0, 0, 0, 0, 65, 0, 0, 84, 24, 0, 
20, 1, Thinning_Aspen, 148, 29, 376, 0, 0, 0, 0, 0, 0, 0, 0, 0, 0, 0, 0, 0, 0, 0, 0, 0, 0, 0, 0, 29, 366, 0, 0, 0, 0, 0, 0, 10, 0, 0, 0, 0, 0, 
20, 4, Oak_Clearcut, 2, 9, 0, 0, 0, 0, 0, 0, 0, 0, 0, 1, 0, 0, 0, 0, 0, 0, 0, 0, 0, 0, 0, 0, 1, 0, 0, 0, 0, 1, 2, 4, 0, 0, 0, 0, 0, 
20, 4, Pine_Unevenaged, 11, 11, 29, 0, 0, 0, 6, 0, 0, 3, 0, 0, 0, 0, 0, 0, 9, 0, 0, 2, 7, 0, 0, 2, 6, 0, 0, 0, 0, 0, 0, 2, 0, 0, 3, 0, 0, 
20, 4, Oak_Unevenaged, 70104, 105405, 33851, 0, 211, 7041, 18, 71, 16, 28811, 0, 52, 0, 0, 0, 944, 0, 0, 0, 0, 0, 3763, 0, 10601, 44262, 0, 0, 0, 194, 1467, 32189, 0, 471, 0, 0, 9144, 1, 
20, 4, Hardwoods_Unevenaged, 1, 0, 5, 0, 0, 0, 3, 0, 0, 0, 0, 0, 0, 0, 0, 0, 0, 0, 0, 0, 0, 0, 0, 0, 0, 0, 0, 0, 0, 0, 0, 1, 0, 0, 1, 0, 0, 
20, 4, Thinning_RedPine, 4, 4, 0, 0, 0, 0, 0, 0, 0, 0, 0, 0, 0, 0, 0, 0, 0, 0, 0, 4, 0, 0, 0, 0, 0, 0, 0, 0, 0, 0, 0, 0, 0, 0, 0, 0, 0, 
20, 4, Thinning_PineHard, 1, 0, 1, 0, 0, 0, 0, 0, 0, 0, 0, 0, 1, 0, 0, 0, 0, 0, 0, 0, 0, 0, 0, 0, 0, 0, 0, 0, 0, 0, 0, 0, 0, 0, 0, 0, 0, 
20, 4, Thinning_Aspen, 3, 0, 7, 0, 0, 0, 0, 0, 0, 0, 0, 0, 0, 0, 0, 0, 0, 0, 0, 0, 0, 0, 0, 0, 7, 0, 0, 0, 0, 0, 0, 0, 0, 0, 0, 0, 0, 
20, 5, Oak_Clearcut, 7, 24, 0, 0, 0, 2, 0, 0, 0, 4, 0, 0, 0, 0, 0, 0, 0, 0, 0, 0, 0, 0, 0, 0, 3, 0, 0, 0, 0, 0, 9, 1, 0, 3, 1, 1, 0, 
20, 5, Pine_Unevenaged, 1, 0, 1, 0, 0, 0, 0, 0, 0, 0, 0, 0, 0, 0, 0, 0, 0, 0, 0, 0, 1, 0, 0, 0, 0, 0, 0, 0, 0, 0, 0, 0, 0, 0, 0, 0, 0, 
20, 5, Oak_Unevenaged, 19793, 30294, 6160, 0, 28, 1764, 3, 26, 1, 6755, 0, 8, 3720, 1535, 0, 147, 0, 0, 0, 0, 0, 740, 0, 1736, 11723, 11, 107, 37, 30, 242, 5888, 0, 113, 0, 0, 1840, 0, 
20, 5, Thinning_PineHard, 257, 0, 572, 0, 0, 0, 29, 0, 6, 0, 0, 0, 0, 0, 0, 0, 104, 0, 0, 274, 129, 0, 0, 0, 0, 0, 0, 0, 0, 0, 0, 0, 0, 0, 24, 6, 0, 
20, 5, Thinning_Aspen, 1, 1, 1, 0, 0, 0, 0, 0, 0, 0, 0, 0, 0, 0, 0, 0, 0, 0, 0, 0, 0, 0, 0, 1, 1, 0, 0, 0, 0, 0, 0, 0, 0, 0, 0, 0, 0, 
20, 6, Aspen_Clearcut, 1, 3, 0, 0, 0, 0, 0, 0, 0, 0, 0, 0, 0, 0, 0, 0, 1, 0, 0, 0, 0, 0, 0, 0, 2, 0, 0, 0, 0, 0, 0, 0, 0, 0, 0, 0, 0, 
20, 6, Oak_Shelter, 3, 4, 0, 0, 0, 0, 0, 0, 0, 0, 0, 0, 0, 0, 0, 0, 0, 0, 0, 0, 0, 0, 0, 0, 3, 0, 0, 0, 0, 0, 0, 1, 0, 0, 0, 0, 0, 
20, 6, Pine_Unevenaged, 4, 5, 17, 0, 0, 0, 1, 0, 0, 3, 0, 0, 1, 0, 0, 0, 0, 0, 0, 5, 9, 0, 0, 0, 1, 0, 0, 0, 0, 0, 0, 0, 0, 2, 0, 0, 0, 
20, 6, Oak_Unevenaged, 1054, 1266, 414, 0, 5, 44, 0, 1, 0, 357, 0, 0, 0, 0, 0, 7, 0, 0, 0, 0, 0, 21, 0, 113, 610, 0, 0, 0, 8, 1, 405, 0, 5, 0, 0, 103, 0, 
20, 6, Hardwoods_Unevenaged, 1, 0, 1, 0, 0, 0, 0, 0, 0, 0, 0, 0, 0, 0, 0, 0, 0, 0, 0, 0, 0, 0, 0, 0, 0, 0, 0, 0, 0, 0, 0, 0, 0, 0, 1, 0, 0, 
20, 6, Thinning_PineHard, 4, 0, 4, 0, 0, 2, 0, 0, 0, 0, 0, 0, 0, 0, 0, 0, 1, 0, 0, 0, 0, 0, 0, 0, 0, 0, 0, 0, 0, 0, 0, 0, 0, 0, 1, 0, 0, 
20, 6, Thinning_Aspen, 8, 0, 15, 0, 0, 0, 0, 0, 0, 0, 0, 0, 0, 0, 0, 0, 0, 0, 0, 0, 0, 0, 0, 0, 15, 0, 0, 0, 0, 0, 0, 0, 0, 0, 0, 0, 0, 
20, 8, CNF_SpruceFir, 13, 49, 0, 2, 0, 8, 0, 0, 0, 4, 0, 0, 2, 0, 0, 0, 0, 0, 0, 4, 0, 3, 0, 0, 23, 0, 0, 0, 0, 0, 2, 1, 0, 0, 0, 0, 0, 
20, 8, Aspen_Clearcut, 23, 121, 0, 6, 0, 14, 1, 0, 0, 7, 0, 0, 1, 3, 0, 1, 0, 3, 5, 9, 0, 4, 0, 0, 53, 0, 2, 0, 0, 2, 5, 0, 0, 1, 0, 4, 0, 
20, 8, Oak_Clearcut, 9, 92, 0, 4, 0, 1, 0, 0, 0, 8, 0, 2, 0, 7, 14, 0, 0, 15, 3, 1, 4, 0, 0, 3, 12, 0, 0, 0, 1, 2, 6, 7, 0, 0, 0, 2, 0, 
20, 8, LowlandConifer_Clearcut, 6, 62, 0, 1, 0, 1, 0, 0, 0, 9, 0, 0, 0, 0, 19, 0, 0, 27, 0, 0, 0, 0, 0, 0, 3, 0, 0, 0, 0, 0, 2, 0, 0, 0, 0, 0, 0, 
20, 8, Oak_Shelter, 12, 14, 21, 0, 0, 4, 0, 0, 0, 0, 0, 0, 0, 0, 0, 0, 0, 0, 0, 0, 0, 2, 0, 0, 3, 0, 0, 0, 0, 0, 21, 0, 0, 0, 0, 5, 0, 
20, 8, Pine_Unevenaged, 3, 4, 6, 0, 0, 0, 0, 0, 0, 1, 0, 0, 0, 0, 0, 0, 0, 0, 0, 0, 6, 0, 0, 0, 3, 0, 0, 0, 0, 0, 0, 0, 0, 0, 0, 0, 0, 
20, 8, Oak_Unevenaged, 3, 3, 1, 0, 0, 0, 0, 0, 0, 0, 0, 0, 0, 0, 0, 0, 0, 0, 0, 0, 0, 0, 0, 1, 2, 0, 0, 0, 1, 0, 0, 0, 0, 0, 0, 0, 0, 
20, 8, Hardwoods_Unevenaged, 3, 0, 21, 0, 0, 0, 9, 0, 0, 0, 0, 0, 0, 0, 0, 0, 0, 0, 0, 0, 0, 0, 0, 0, 0, 0, 0, 0, 0, 0, 0, 0, 0, 0, 12, 0, 0, 
20, 8, Thinning_RedPine, 2, 5, 0, 0, 0, 0, 0, 0, 0, 0, 0, 0, 0, 0, 0, 0, 0, 0, 0, 5, 0, 0, 0, 0, 0, 0, 0, 0, 0, 0, 0, 0, 0, 0, 0, 0, 0, 
20, 8, Thinning_PineHard, 10, 0, 34, 0, 0, 7, 0, 0, 0, 0, 0, 0, 2, 0, 0, 0, 22, 0, 0, 0, 2, 0, 0, 0, 0, 0, 0, 0, 0, 0, 0, 0, 0, 0, 1, 0, 0, 
20, 8, Thinning_Aspen, 5, 0, 15, 0, 0, 0, 0, 0, 0, 0, 0, 0, 0, 0, 0, 0, 0, 0, 0, 0, 0, 0, 0, 0, 15, 0, 0, 0, 0, 0, 0, 0, 0, 0, 0, 0, 0, 
25, 1, JPine_Clearcut, 48, 241, 0, 4, 0, 1, 0, 0, 0, 35, 0, 0, 1, 0, 0, 0, 5, 3, 79, 24, 8, 4, 0, 15, 38, 0, 7, 0, 0, 0, 5, 9, 0, 1, 2, 0, 0, 
25, 1, CNF_RPine_Clearcut, 54, 868, 0, 62, 0, 22, 0, 0, 0, 167, 0, 0, 5, 2, 5, 3, 38, 7, 33, 284, 111, 7, 0, 37, 60, 0, 12, 0, 0, 0, 8, 2, 0, 1, 1, 1, 0, 
25, 1, CNF_SpruceFir, 281, 2927, 0, 489, 6, 76, 13, 0, 0, 320, 0, 0, 45, 12, 17, 32, 297, 77, 28, 82, 36, 122, 0, 39, 1004, 0, 27, 1, 0, 3, 48, 21, 0, 17, 18, 97, 0, 
25, 1, Aspen_Clearcut, 574, 5764, 0, 136, 1, 80, 48, 0, 8, 886, 0, 1, 106, 40, 21, 160, 167, 84, 31, 164, 124, 542, 0, 269, 2321, 0, 41, 7, 3, 4, 124, 55, 4, 36, 58, 243, 0, 
25, 1, Oak_Clearcut, 55, 318, 0, 0, 0, 7, 0, 0, 0, 16, 0, 0, 1, 4, 0, 2, 13, 0, 0, 0, 8, 1, 0, 3, 35, 0, 3, 0, 0, 5, 185, 19, 0, 0, 11, 5, 0, 
25, 1, LowlandConifer_Clearcut, 58, 751, 0, 22, 0, 0, 0, 0, 0, 69, 0, 0, 0, 0, 36, 0, 11, 498, 0, 22, 38, 3, 0, 0, 49, 0, 0, 0, 0, 0, 0, 1, 0, 0, 1, 1, 0, 
25, 1, Oak_Shelter, 414, 1624, 664, 73, 1, 143, 3, 0, 0, 276, 0, 0, 61, 45, 5, 23, 0, 31, 28, 67, 0, 34, 0, 100, 468, 0, 20, 1, 1, 27, 636, 178, 2, 0, 0, 65, 0, 
25, 1, Pine_Unevenaged, 43, 108, 547, 4, 0, 0, 5, 0, 0, 43, 0, 0, 0, 0, 0, 1, 18, 0, 0, 185, 338, 2, 0, 25, 31, 0, 0, 0, 0, 0, 0, 0, 0, 0, 2, 1, 0, 
25, 1, Oak_Unevenaged, 54, 99, 73, 8, 0, 5, 0, 0, 0, 18, 0, 0, 5, 1, 6, 0, 0, 14, 2, 5, 0, 1, 0, 7, 21, 0, 0, 0, 55, 1, 17, 2, 0, 0, 0, 4, 0, 
25, 1, Hardwoods_Unevenaged, 191, 0, 535, 0, 0, 32, 223, 0, 1, 0, 0, 0, 4, 0, 0, 0, 0, 0, 0, 0, 0, 0, 0, 0, 0, 0, 0, 0, 0, 0, 0, 34, 0, 0, 237, 4, 0, 
25, 1, Thinning_RedPine, 41, 136, 0, 0, 0, 0, 0, 0, 0, 0, 0, 0, 0, 0, 0, 0, 0, 0, 0, 136, 0, 0, 0, 0, 0, 0, 0, 0, 0, 0, 0, 0, 0, 0, 0, 0, 0, 
25, 1, Thinning_PineHard, 433, 50, 1435, 0, 0, 42, 55, 0, 0, 0, 0, 0, 125, 0, 0, 0, 448, 0, 0, 425, 221, 0, 0, 0, 0, 0, 0, 0, 0, 0, 0, 50, 0, 0, 87, 32, 0, 
25, 1, Thinning_Aspen, 147, 27, 403, 0, 0, 0, 0, 0, 0, 0, 0, 0, 0, 0, 0, 0, 0, 0, 0, 0, 0, 0, 0, 27, 394, 0, 0, 0, 0, 0, 0, 9, 0, 0, 0, 0, 0, 
25, 4, Oak_Clearcut, 4, 21, 0, 0, 0, 4, 0, 0, 0, 0, 0, 0, 1, 1, 0, 0, 0, 0, 0, 0, 2, 0, 0, 0, 5, 0, 0, 0, 0, 0, 3, 5, 0, 0, 0, 0, 0, 
25, 4, LowlandConifer_Clearcut, 2, 15, 0, 4, 0, 0, 0, 0, 0, 2, 0, 0, 1, 0, 2, 0, 0, 0, 0, 0, 0, 0, 0, 1, 1, 0, 0, 0, 0, 0, 0, 0, 0, 0, 4, 0, 0, 
25, 4, Oak_Shelter, 1, 3, 0, 0, 0, 0, 0, 0, 0, 0, 0, 0, 0, 0, 0, 0, 0, 0, 0, 0, 0, 0, 0, 0, 1, 0, 0, 0, 0, 0, 0, 2, 0, 0, 0, 0, 0, 
25, 4, Pine_Unevenaged, 71990, 78255, 118237, 0, 101, 3505, 9, 50, 0, 23071, 0, 0, 0, 0, 0, 380, 10029, 0, 0, 4, 9377, 1935, 101, 9391, 39325, 0, 0, 0, 265, 2066, 44032, 7279, 381, 18604, 26585, 0, 2, 
25, 4, Hardwoods_Unevenaged, 1, 0, 8, 0, 0, 1, 4, 0, 0, 0, 0, 0, 0, 0, 0, 0, 0, 0, 0, 0, 0, 0, 0, 0, 0, 0, 0, 0, 0, 0, 0, 1, 0, 0, 2, 0, 0, 
25, 4, Thinning_PineHard, 1, 0, 2, 0, 0, 0, 0, 0, 0, 0, 0, 0, 1, 0, 0, 0, 0, 0, 0, 0, 0, 0, 0, 0, 0, 0, 0, 0, 0, 0, 0, 0, 0, 0, 1, 0, 0, 
25, 4, Thinning_Aspen, 3, 0, 7, 0, 0, 0, 0, 0, 0, 0, 0, 0, 0, 0, 0, 0, 0, 0, 0, 0, 0, 0, 0, 0, 7, 0, 0, 0, 0, 0, 0, 0, 0, 0, 0, 0, 0, 
25, 5, Pine_Unevenaged, 8, 9, 3, 0, 0, 0, 0, 0, 0, 4, 0, 0, 0, 0, 0, 0, 0, 0, 0, 0, 2, 0, 0, 0, 5, 0, 0, 0, 0, 0, 0, 1, 0, 0, 0, 0, 0, 
25, 5, Oak_Unevenaged, 709, 1623, 246, 0, 2, 45, 169, 0, 21, 233, 0, 3, 0, 91, 0, 5, 0, 0, 0, 372, 0, 30, 0, 57, 375, 1, 14, 0, 5, 8, 233, 75, 4, 0, 0, 126, 0, 
25, 5, Thinning_PineHard, 4652, 0, 8810, 0, 0, 0, 0, 0, 0, 0, 0, 0, 0, 0, 0, 0, 3213, 0, 0, 0, 3421, 0, 0, 0, 0, 0, 0, 0, 0, 0, 0, 0, 0, 0, 2176, 0, 0, 
25, 5, Thinning_Aspen, 1, 0, 2, 0, 0, 0, 0, 0, 0, 0, 0, 0, 0, 0, 0, 0, 0, 0, 0, 0, 0, 0, 0, 0, 1, 0, 0, 0, 0, 0, 0, 1, 0, 0, 0, 0, 0, 
25, 6, LowlandConifer_Clearcut, 4, 46, 0, 4, 0, 5, 0, 0, 0, 2, 0, 0, 2, 2, 5, 0, 2, 6, 0, 0, 0, 2, 0, 0, 10, 0, 0, 0, 0, 0, 0, 0, 0, 0, 5, 1, 0, 
25, 6, Pine_Unevenaged, 9, 44, 21, 9, 0, 7, 4, 0, 0, 10, 0, 0, 9, 0, 0, 0, 2, 0, 0, 0, 6, 0, 0, 1, 8, 0, 0, 0, 0, 0, 3, 0, 0, 2, 3, 1, 0, 
25, 6, Oak_Unevenaged, 1023, 1151, 617, 0, 2, 22, 0, 1, 0, 298, 0, 0, 0, 0, 0, 3, 0, 0, 0, 0, 0, 12, 0, 98, 541, 0, 0, 0, 10, 18, 589, 83, 4, 0, 0, 87, 0, 
25, 6, Thinning_RedPine, 1, 2, 0, 0, 0, 0, 0, 0, 0, 0, 0, 0, 0, 0, 0, 0, 0, 0, 0, 2, 0, 0, 0, 0, 0, 0, 0, 0, 0, 0, 0, 0, 0, 0, 0, 0, 0, 
25, 6, Thinning_PineHard, 5, 0, 12, 0, 0, 2, 0, 0, 0, 0, 0, 0, 0, 0, 0, 0, 2, 0, 0, 6, 0, 0, 0, 0, 0, 0, 0, 0, 0, 0, 0, 0, 0, 0, 2, 0, 0, 
25, 6, Thinning_Aspen, 4, 0, 8, 0, 0, 0, 0, 0, 0, 0, 0, 0, 0, 0, 0, 0, 0, 0, 0, 0, 0, 0, 0, 0, 8, 0, 0, 0, 0, 0, 0, 0, 0, 0, 0, 0, 0, 
25, 8, JPine_Clearcut, 1, 3, 0, 0, 0, 0, 0, 0, 0, 0, 0, 0, 0, 0, 0, 0, 0, 0, 2, 0, 0, 0, 0, 0, 1, 0, 0, 0, 0, 0, 0, 0, 0, 0, 0, 0, 0, 
25, 8, CNF_SpruceFir, 16, 105, 0, 22, 0, 2, 1, 0, 0, 14, 0, 0, 1, 1, 11, 0, 1, 12, 2, 0, 0, 0, 0, 0, 31, 0, 0, 0, 0, 0, 0, 3, 0, 4, 0, 0, 0, 
25, 8, Aspen_Clearcut, 10, 47, 0, 0, 0, 5, 0, 0, 0, 4, 0, 0, 0, 0, 2, 1, 0, 1, 0, 0, 0, 2, 0, 1, 19, 0, 1, 1, 0, 0, 5, 3, 0, 0, 0, 2, 0, 
25, 8, Oak_Clearcut, 5, 23, 0, 0, 0, 3, 0, 0, 0, 0, 0, 0, 0, 0, 0, 0, 0, 0, 0, 0, 0, 2, 0, 0, 1, 0, 0, 0, 0, 0, 14, 0, 0, 0, 2, 1, 0, 
25, 8, LowlandConifer_Clearcut, 2, 26, 0, 0, 0, 1, 0, 0, 1, 1, 0, 0, 0, 0, 14, 0, 0, 9, 0, 0, 0, 0, 0, 0, 0, 0, 0, 0, 0, 0, 0, 0, 0, 0, 0, 0, 0, 
25, 8, Oak_Shelter, 15, 73, 31, 0, 0, 15, 0, 0, 0, 23, 0, 0, 0, 5, 0, 0, 0, 0, 0, 0, 0, 0, 0, 2, 12, 0, 0, 0, 0, 5, 26, 8, 0, 0, 0, 8, 0, 
25, 8, Pine_Unevenaged, 3, 4, 6, 0, 0, 0, 0, 0, 0, 1, 0, 0, 0, 0, 0, 0, 0, 0, 0, 0, 6, 0, 0, 0, 3, 0, 0, 0, 0, 0, 0, 0, 0, 0, 0, 0, 0, 
25, 8, Oak_Unevenaged, 2, 2, 3, 0, 0, 0, 0, 0, 0, 0, 0, 0, 0, 0, 0, 0, 0, 0, 0, 0, 0, 0, 0, 1, 1, 0, 0, 0, 2, 0, 1, 0, 0, 0, 0, 0, 0, 
25, 8, Hardwoods_Unevenaged, 6, 0, 30, 0, 0, 3, 12, 0, 0, 0, 0, 0, 0, 0, 0, 0, 0, 0, 0, 0, 0, 0, 0, 0, 0, 0, 0, 0, 0, 0, 0, 0, 0, 0, 15, 0, 0, 
25, 8, Thinning_RedPine, 1, 3, 0, 0, 0, 0, 0, 0, 0, 0, 0, 0, 0, 0, 0, 0, 0, 0, 0, 3, 0, 0, 0, 0, 0, 0, 0, 0, 0, 0, 0, 0, 0, 0, 0, 0, 0, 
25, 8, Thinning_PineHard, 13, 0, 45, 0, 0, 1, 8, 0, 0, 0, 0, 0, 7, 0, 0, 0, 4, 0, 0, 10, 3, 0, 0, 0, 0, 0, 0, 0, 0, 0, 0, 0, 0, 0, 11, 1, 0, 
25, 8, Thinning_Aspen, 75, 0, 135, 0, 0, 0, 0, 0, 0, 0, 0, 0, 0, 0, 0, 0, 0, 0, 0, 0, 0, 0, 0, 0, 128, 0, 0, 0, 0, 0, 0, 7, 0, 0, 0, 0, 0, 
30, 1, JPine_Clearcut, 1, 5, 0, 0, 0, 0, 0, 0, 0, 1, 0, 0, 0, 0, 0, 0, 0, 0, 1, 1, 1, 0, 0, 0, 1, 0, 0, 0, 0, 0, 0, 0, 0, 0, 0, 0, 0, 
30, 1, CNF_RPine_Clearcut, 55, 728, 0, 39, 0, 1, 0, 0, 0, 133, 0, 0, 0, 2, 1, 11, 22, 8, 29, 258, 96, 14, 0, 20, 72, 0, 9, 0, 0, 0, 4, 2, 1, 0, 1, 5, 0, 
30, 1, CNF_SpruceFir, 281, 2856, 0, 271, 2, 89, 57, 0, 0, 341, 0, 0, 60, 23, 23, 82, 226, 28, 11, 63, 32, 141, 0, 37, 1022, 0, 13, 1, 0, 4, 69, 25, 1, 22, 31, 182, 0, 
30, 1, Aspen_Clearcut, 574, 4756, 0, 89, 1, 111, 56, 1, 7, 786, 0, 0, 70, 29, 23, 171, 134, 107, 29, 112, 100, 388, 0, 204, 1853, 4, 41, 7, 1, 6, 77, 58, 1, 34, 45, 211, 0, 
30, 1, Oak_Clearcut, 54, 263, 0, 0, 1, 2, 0, 0, 0, 14, 0, 0, 1, 5, 0, 2, 9, 0, 0, 0, 6, 2, 0, 1, 26, 0, 1, 0, 0, 7, 165, 11, 1, 0, 2, 7, 0, 
30, 1, LowlandConifer_Clearcut, 54, 700, 0, 6, 0, 7, 16, 0, 0, 61, 0, 0, 0, 0, 48, 3, 6, 431, 14, 33, 9, 4, 0, 1, 59, 0, 0, 0, 0, 0, 0, 1, 0, 0, 0, 1, 0, 
30, 1, Oak_Shelter, 414, 1275, 659, 58, 0, 104, 2, 0, 0, 229, 0, 0, 79, 52, 20, 17, 0, 34, 10, 45, 0, 51, 0, 58, 365, 0, 21, 3, 1, 30, 628, 61, 3, 0, 0, 63, 0, 
30, 1, Pine_Unevenaged, 41, 58, 543, 0, 0, 0, 5, 0, 0, 19, 0, 0, 0, 0, 0, 0, 18, 0, 0, 188, 331, 0, 0, 16, 22, 0, 0, 0, 0, 0, 0, 0, 0, 0, 2, 0, 0, 
30, 1, Oak_Unevenaged, 55, 46, 75, 0, 0, 2, 0, 0, 0, 12, 0, 0, 1, 0, 1, 0, 0, 0, 4, 8, 0, 0, 0, 3, 13, 0, 1, 0, 57, 1, 17, 0, 0, 0, 0, 1, 0, 
30, 1, Hardwoods_Unevenaged, 196, 0, 550, 0, 0, 29, 230, 0, 1, 0, 0, 0, 4, 0, 0, 0, 0, 0, 0, 0, 0, 0, 0, 0, 0, 0, 0, 0, 0, 0, 0, 36, 0, 0, 246, 4, 0, 
30, 1, Thinning_RedPine, 42, 150, 0, 0, 0, 0, 0, 0, 0, 0, 0, 0, 0, 0, 0, 0, 0, 0, 0, 150, 0, 0, 0, 0, 0, 0, 0, 0, 0, 0, 0, 0, 0, 0, 0, 0, 0, 
30, 1, Thinning_PineHard, 3033, 482, 7952, 0, 0, 682, 518, 0, 20, 0, 0, 0, 1574, 0, 0, 0, 1299, 0, 0, 2016, 884, 0, 0, 0, 0, 0, 0, 0, 0, 0, 0, 482, 0, 0, 770, 189, 0, 
30, 1, Thinning_Aspen, 157, 33, 401, 0, 0, 0, 0, 0, 0, 0, 0, 0, 0, 0, 0, 0, 0, 0, 0, 0, 0, 0, 0, 33, 396, 0, 0, 0, 0, 0, 0, 5, 0, 0, 0, 0, 0, 
30, 4, Pine_Unevenaged, 1, 1, 4, 0, 0, 0, 0, 0, 0, 0, 0, 0, 0, 0, 0, 0, 0, 0, 0, 0, 4, 0, 0, 0, 1, 0, 0, 0, 0, 0, 0, 0, 0, 0, 0, 0, 0, 
30, 4, Oak_Unevenaged, 62551, 79203, 45616, 0, 53, 1757, 2, 38, 2, 18431, 0, 14, 0, 0, 0, 143, 0, 0, 0, 0, 0, 948, 0, 8367, 35175, 0, 0, 0, 251, 2026, 43339, 7122, 296, 0, 0, 6855, 0, 
30, 4, Hardwoods_Unevenaged, 1, 0, 8, 0, 0, 1, 4, 0, 0, 0, 0, 0, 0, 0, 0, 0, 0, 0, 0, 0, 0, 0, 0, 0, 0, 0, 0, 0, 0, 0, 0, 1, 0, 0, 2, 0, 0, 
30, 4, Thinning_PineHard, 7, 0, 30, 0, 0, 0, 6, 0, 0, 0, 0, 0, 1, 0, 0, 0, 9, 0, 0, 6, 7, 0, 0, 0, 0, 0, 0, 0, 0, 0, 0, 0, 0, 0, 1, 0, 0, 
30, 4, Thinning_Aspen, 3, 0, 7, 0, 0, 0, 0, 0, 0, 0, 0, 0, 0, 0, 0, 0, 0, 0, 0, 0, 0, 0, 0, 0, 7, 0, 0, 0, 0, 0, 0, 0, 0, 0, 0, 0, 0, 
30, 5, Pine_Unevenaged, 1, 0, 1, 0, 0, 0, 0, 0, 0, 0, 0, 0, 0, 0, 0, 0, 0, 0, 0, 0, 1, 0, 0, 0, 0, 0, 0, 0, 0, 0, 0, 0, 0, 0, 0, 0, 0, 
30, 5, Oak_Unevenaged, 560, 729, 241, 0, 1, 28, 4, 0, 1, 186, 0, 0, 0, 39, 0, 1, 0, 0, 0, 0, 0, 14, 0, 51, 322, 0, 9, 0, 5, 8, 228, 0, 4, 0, 0, 69, 0, 
30, 5, Thinning_RedPine, 2, 2, 0, 0, 0, 0, 0, 0, 0, 0, 0, 0, 0, 0, 0, 0, 0, 0, 0, 2, 0, 0, 0, 0, 0, 0, 0, 0, 0, 0, 0, 0, 0, 0, 0, 0, 0, 
30, 5, Thinning_PineHard, 4572, 1, 8672, 0, 0, 2, 1, 0, 0, 0, 0, 0, 1, 0, 0, 0, 3158, 0, 0, 0, 3377, 0, 0, 0, 0, 0, 0, 0, 0, 0, 0, 1, 0, 0, 2133, 0, 0, 
30, 6, Pine_Unevenaged, 10, 15, 30, 0, 0, 3, 4, 0, 0, 6, 0, 0, 2, 0, 0, 0, 2, 0, 0, 4, 11, 0, 0, 1, 3, 0, 0, 0, 0, 0, 3, 0, 0, 2, 3, 1, 0, 
30, 6, Oak_Unevenaged, 899, 867, 602, 0, 2, 8, 0, 1, 0, 230, 0, 0, 0, 0, 0, 3, 0, 0, 0, 0, 0, 3, 0, 90, 465, 0, 0, 0, 10, 18, 574, 0, 2, 0, 0, 63, 0, 
30, 6, Thinning_PineHard, 4, 0, 11, 0, 0, 1, 0, 0, 0, 0, 0, 0, 0, 0, 0, 0, 2, 0, 0, 6, 0, 0, 0, 0, 0, 0, 0, 0, 0, 0, 0, 0, 0, 0, 2, 0, 0, 
30, 6, Thinning_Aspen, 4, 0, 8, 0, 0, 0, 0, 0, 0, 0, 0, 0, 0, 0, 0, 0, 0, 0, 0, 0, 0, 0, 0, 0, 8, 0, 0, 0, 0, 0, 0, 0, 0, 0, 0, 0, 0, 
30, 8, CNF_RPine_Clearcut, 4, 45, 0, 4, 0, 0, 0, 0, 0, 16, 0, 0, 12, 0, 0, 0, 0, 0, 0, 2, 2, 0, 0, 2, 6, 0, 0, 0, 0, 0, 1, 0, 0, 0, 0, 0, 0, 
30, 8, CNF_SpruceFir, 7, 41, 0, 2, 0, 2, 0, 0, 0, 2, 0, 0, 0, 3, 3, 1, 1, 1, 0, 0, 0, 3, 0, 1, 12, 0, 0, 0, 0, 0, 1, 0, 0, 0, 3, 5, 1, 
30, 8, Oak_Clearcut, 9, 60, 0, 0, 0, 1, 0, 0, 0, 7, 0, 0, 0, 4, 0, 0, 12, 0, 0, 0, 0, 0, 0, 2, 2, 0, 0, 0, 0, 5, 16, 8, 0, 0, 0, 3, 0, 
30, 8, LowlandConifer_Clearcut, 2, 21, 0, 4, 0, 0, 0, 0, 0, 2, 0, 0, 1, 0, 5, 0, 0, 5, 0, 0, 0, 0, 0, 1, 0, 0, 0, 0, 0, 0, 0, 0, 0, 0, 3, 0, 0, 
30, 8, Oak_Shelter, 15, 25, 24, 0, 0, 3, 0, 0, 0, 0, 0, 0, 3, 0, 0, 0, 0, 0, 0, 0, 0, 0, 0, 4, 8, 0, 0, 0, 0, 0, 24, 4, 1, 0, 0, 2, 0, 
30, 8, Pine_Unevenaged, 3, 4, 6, 0, 0, 0, 0, 0, 0, 1, 0, 0, 0, 0, 0, 0, 0, 0, 0, 0, 6, 0, 0, 0, 3, 0, 0, 0, 0, 0, 0, 0, 0, 0, 0, 0, 0, 
30, 8, Oak_Unevenaged, 2, 1, 3, 0, 0, 0, 0, 0, 0, 0, 0, 0, 0, 0, 0, 0, 0, 0, 0, 0, 0, 0, 0, 0, 1, 0, 0, 0, 2, 0, 1, 0, 0, 0, 0, 0, 0, 
30, 8, Hardwoods_Unevenaged, 6, 0, 30, 0, 0, 3, 12, 0, 0, 0, 0, 0, 0, 0, 0, 0, 0, 0, 0, 0, 0, 0, 0, 0, 0, 0, 0, 0, 0, 0, 0, 0, 0, 0, 15, 0, 0, 
30, 8, Thinning_RedPine, 3, 5, 0, 0, 0, 0, 0, 0, 0, 0, 0, 0, 0, 0, 0, 0, 0, 0, 0, 5, 0, 0, 0, 0, 0, 0, 0, 0, 0, 0, 0, 0, 0, 0, 0, 0, 0, 
30, 8, Thinning_PineHard, 34, 0, 65, 0, 0, 1, 8, 0, 0, 0, 0, 0, 1, 0, 0, 0, 47, 0, 0, 1, 3, 0, 0, 0, 0, 0, 0, 0, 0, 0, 0, 0, 0, 0, 4, 0, 0, 
30, 8, Thinning_Aspen, 4, 0, 4, 0, 0, 0, 0, 0, 0, 0, 0, 0, 0, 0, 0, 0, 0, 0, 0, 0, 0, 0, 0, 0, 4, 0, 0, 0, 0, 0, 0, 0, 0, 0, 0, 0, 0, 
35, 1, JPine_Clearcut, 57, 247, 0, 6, 0, 10, 0, 0, 0, 19, 0, 0, 2, 0, 4, 1, 7, 5, 89, 38, 5, 4, 0, 7, 39, 0, 2, 0, 0, 0, 0, 1, 0, 5, 1, 2, 0, 
35, 1, CNF_RPine_Clearcut, 55, 599, 0, 24, 0, 3, 6, 0, 0, 87, 0, 0, 0, 0, 0, 0, 50, 15, 21, 205, 51, 5, 0, 6, 104, 0, 2, 0, 0, 0, 18, 1, 0, 0, 1, 0, 0, 
35, 1, CNF_SpruceFir, 282, 2423, 0, 351, 0, 62, 28, 0, 1, 219, 0, 0, 53, 18, 27, 35, 299, 50, 8, 42, 49, 113, 0, 44, 763, 0, 15, 0, 0, 1, 74, 20, 11, 16, 20, 104, 0, 
35, 1, Aspen_Clearcut, 575, 4597, 0, 100, 1, 104, 28, 0, 0, 886, 0, 0, 86, 23, 26, 162, 136, 86, 38, 142, 112, 362, 0, 210, 1583, 1, 40, 5, 1, 2, 82, 64, 8, 68, 78, 163, 0, 
35, 1, Oak_Clearcut, 57, 254, 0, 2, 0, 12, 0, 0, 0, 9, 0, 0, 6, 5, 0, 4, 5, 0, 0, 0, 8, 0, 0, 4, 31, 0, 0, 0, 11, 15, 119, 19, 0, 1, 0, 3, 0, 
35, 1, LowlandConifer_Clearcut, 55, 570, 0, 10, 0, 7, 0, 0, 0, 39, 0, 0, 0, 0, 99, 0, 0, 354, 0, 9, 11, 0, 0, 1, 32, 0, 0, 0, 0, 0, 2, 2, 1, 0, 2, 1, 0, 
35, 1, Oak_Shelter, 414, 1535, 785, 56, 0, 121, 0, 0, 1, 203, 0, 0, 139, 59, 8, 27, 0, 11, 28, 75, 0, 37, 0, 83, 466, 0, 2, 1, 1, 41, 743, 149, 2, 0, 0, 67, 0, 
35, 1, Pine_Unevenaged, 41, 54, 551, 0, 0, 0, 6, 0, 0, 19, 0, 0, 0, 0, 0, 0, 18, 0, 0, 174, 353, 1, 0, 12, 20, 0, 0, 0, 0, 0, 0, 0, 0, 0, 2, 0, 0, 
35, 1, Oak_Unevenaged, 54, 43, 82, 1, 0, 1, 0, 0, 1, 14, 0, 0, 0, 0, 0, 0, 0, 0, 0, 0, 0, 3, 0, 2, 18, 0, 0, 0, 65, 1, 16, 2, 0, 0, 0, 1, 0, 
35, 1, Hardwoods_Unevenaged, 179, 0, 421, 0, 0, 42, 191, 0, 3, 0, 0, 0, 16, 0, 0, 0, 0, 0, 0, 0, 0, 0, 0, 0, 0, 0, 0, 0, 0, 0, 0, 45, 0, 0, 121, 3, 0, 
35, 1, Thinning_RedPine, 43, 187, 0, 0, 0, 0, 0, 0, 0, 0, 0, 0, 0, 0, 0, 0, 0, 0, 0, 187, 0, 0, 0, 0, 0, 0, 0, 0, 0, 0, 0, 0, 0, 0, 0, 0, 0, 
35, 1, Thinning_PineHard, 431, 59, 1659, 0, 0, 102, 77, 0, 0, 0, 0, 0, 143, 0, 0, 0, 459, 0, 0, 442, 329, 0, 0, 0, 0, 0, 0, 0, 0, 0, 0, 59, 0, 0, 95, 12, 0, 
35, 1, Thinning_Aspen, 147, 26, 313, 0, 0, 0, 0, 0, 0, 0, 0, 0, 0, 0, 0, 0, 0, 0, 0, 0, 0, 0, 0, 26, 300, 0, 0, 0, 0, 0, 0, 13, 0, 0, 0, 0, 0, 
35, 4, Aspen_Clearcut, 1, 3, 0, 0, 0, 0, 0, 0, 0, 2, 0, 0, 0, 0, 0, 0, 0, 0, 0, 0, 0, 0, 0, 0, 1, 0, 0, 0, 0, 0, 0, 0, 0, 0, 0, 0, 0, 
35, 4, Oak_Clearcut, 2, 20, 0, 0, 0, 5, 0, 0, 0, 4, 0, 0, 0, 0, 0, 0, 1, 0, 0, 3, 0, 0, 0, 3, 2, 0, 0, 0, 0, 0, 1, 0, 0, 1, 0, 0, 0, 
35, 4, Oak_Shelter, 1, 0, 1, 0, 0, 0, 0, 0, 0, 0, 0, 0, 0, 0, 0, 0, 0, 0, 0, 0, 0, 0, 0, 0, 0, 0, 0, 0, 0, 0, 1, 0, 0, 0, 0, 0, 0, 
35, 4, Pine_Unevenaged, 1, 1, 3, 0, 0, 0, 0, 0, 0, 0, 0, 0, 0, 0, 0, 0, 0, 0, 0, 0, 3, 0, 0, 0, 1, 0, 0, 0, 0, 0, 0, 0, 0, 0, 0, 0, 0, 
35, 4, Oak_Unevenaged, 59951, 66965, 59991, 0, 28, 849, 0, 30, 0, 14793, 0, 5, 0, 0, 0, 59, 0, 0, 0, 0, 0, 489, 0, 7359, 31322, 0, 0, 0, 270, 2738, 56540, 6636, 225, 0, 0, 5170, 443, 
35, 4, Thinning_RedPine, 13, 13, 0, 0, 0, 0, 0, 0, 0, 0, 0, 0, 0, 0, 0, 0, 0, 0, 0, 13, 0, 0, 0, 0, 0, 0, 0, 0, 0, 0, 0, 0, 0, 0, 0, 0, 0, 
35, 4, Thinning_PineHard, 78, 1, 129, 0, 0, 2, 11, 0, 0, 0, 0, 0, 1, 0, 0, 0, 36, 0, 0, 46, 26, 0, 0, 0, 0, 0, 0, 0, 0, 0, 0, 1, 0, 0, 7, 0, 0, 
35, 5, JPine_Clearcut, 1, 5, 0, 0, 0, 0, 0, 0, 0, 0, 0, 0, 0, 0, 0, 0, 0, 0, 2, 2, 0, 0, 0, 0, 0, 0, 0, 0, 0, 0, 0, 0, 0, 1, 0, 0, 0, 
35, 5, Oak_Shelter, 1, 2, 2, 0, 0, 0, 0, 0, 0, 0, 0, 0, 0, 0, 0, 0, 0, 1, 0, 1, 0, 0, 0, 0, 0, 0, 0, 0, 0, 0, 2, 0, 0, 0, 0, 0, 0, 
35, 5, Pine_Unevenaged, 9, 8, 9, 0, 0, 0, 0, 0, 0, 3, 0, 0, 0, 0, 0, 0, 0, 0, 0, 0, 4, 0, 0, 0, 5, 0, 0, 0, 0, 0, 2, 2, 0, 0, 1, 0, 0, 
35, 5, Oak_Unevenaged, 524, 599, 355, 0, 1, 16, 0, 0, 0, 148, 0, 0, 0, 0, 0, 0, 0, 0, 0, 0, 0, 7, 0, 47, 275, 0, 0, 0, 10, 14, 329, 46, 3, 0, 0, 56, 2, 
35, 5, Thinning_PineHard, 6047, 0, 11260, 0, 0, 0, 0, 0, 0, 0, 0, 0, 0, 0, 0, 0, 3863, 0, 0, 0, 3900, 0, 0, 0, 0, 0, 0, 0, 0, 0, 0, 0, 0, 0, 3497, 0, 0, 
35, 6, Oak_Clearcut, 1, 2, 0, 0, 0, 0, 0, 0, 0, 0, 0, 0, 0, 0, 0, 0, 0, 0, 0, 0, 0, 0, 0, 0, 1, 0, 0, 0, 0, 0, 0, 1, 0, 0, 0, 0, 0, 
35, 6, Oak_Shelter, 4, 6, 2, 0, 0, 0, 0, 0, 0, 1, 0, 0, 0, 0, 0, 0, 0, 0, 0, 0, 0, 0, 0, 2, 2, 0, 0, 0, 0, 0, 2, 1, 0, 0, 0, 0, 0, 
35, 6, Pine_Unevenaged, 10, 10, 32, 0, 0, 1, 4, 0, 0, 6, 0, 0, 0, 0, 0, 0, 2, 0, 0, 5, 12, 0, 0, 0, 3, 0, 0, 0, 0, 0, 3, 0, 0, 2, 3, 1, 0, 
35, 6, Thinning_RedPine, 6, 6, 0, 0, 0, 0, 0, 0, 0, 0, 0, 0, 0, 0, 0, 0, 0, 0, 0, 6, 0, 0, 0, 0, 0, 0, 0, 0, 0, 0, 0, 0, 0, 0, 0, 0, 0, 
35, 6, Thinning_PineHard, 331, 0, 605, 0, 0, 2, 0, 0, 0, 0, 0, 0, 1, 0, 0, 0, 224, 0, 0, 7, 151, 0, 0, 0, 0, 0, 0, 0, 0, 0, 0, 0, 0, 0, 220, 0, 0, 
35, 6, Thinning_Aspen, 2, 0, 2, 0, 0, 0, 0, 0, 0, 0, 0, 0, 0, 0, 0, 0, 0, 0, 0, 0, 0, 0, 0, 0, 2, 0, 0, 0, 0, 0, 0, 0, 0, 0, 0, 0, 0, 
35, 8, CNF_RPine_Clearcut, 6, 49, 0, 6, 0, 9, 3, 0, 0, 4, 0, 0, 6, 0, 1, 0, 0, 1, 0, 9, 0, 0, 0, 0, 6, 0, 0, 0, 0, 0, 0, 0, 0, 4, 0, 0, 0, 
35, 8, CNF_SpruceFir, 5, 25, 0, 4, 0, 1, 0, 0, 0, 2, 0, 0, 1, 0, 0, 0, 1, 0, 0, 2, 3, 0, 0, 0, 4, 0, 0, 0, 0, 0, 4, 0, 0, 1, 2, 0, 0, 
35, 8, Aspen_Clearcut, 8, 67, 0, 3, 0, 0, 0, 0, 0, 4, 0, 0, 2, 0, 6, 0, 1, 18, 0, 4, 0, 1, 0, 1, 22, 0, 0, 0, 0, 0, 1, 0, 0, 4, 0, 0, 0, 
35, 8, Oak_Clearcut, 9, 59, 0, 0, 0, 2, 0, 0, 0, 0, 0, 0, 3, 0, 0, 0, 0, 0, 0, 0, 23, 0, 0, 4, 4, 0, 0, 0, 0, 0, 17, 5, 1, 0, 0, 0, 0, 
35, 8, LowlandConifer_Clearcut, 4, 26, 0, 0, 0, 0, 0, 0, 0, 0, 0, 0, 0, 0, 8, 0, 0, 17, 0, 0, 0, 1, 0, 0, 0, 0, 0, 0, 0, 0, 0, 0, 0, 0, 0, 0, 0, 
35, 8, Oak_Shelter, 12, 54, 24, 4, 0, 1, 0, 0, 0, 5, 0, 0, 13, 8, 0, 0, 0, 0, 0, 0, 0, 5, 0, 0, 13, 0, 0, 0, 0, 0, 24, 2, 0, 0, 0, 3, 0, 
35, 8, Pine_Unevenaged, 3, 4, 6, 0, 0, 0, 0, 0, 0, 1, 0, 0, 0, 0, 0, 0, 0, 0, 0, 0, 6, 0, 0, 0, 3, 0, 0, 0, 0, 0, 0, 0, 0, 0, 0, 0, 0, 
35, 8, Oak_Unevenaged, 3, 2, 5, 0, 0, 0, 0, 0, 0, 0, 0, 0, 0, 0, 0, 0, 0, 0, 0, 0, 0, 0, 0, 0, 1, 0, 0, 0, 3, 0, 2, 1, 0, 0, 0, 0, 0, 
35, 8, Hardwoods_Unevenaged, 1, 0, 2, 0, 0, 2, 0, 0, 0, 0, 0, 0, 0, 0, 0, 0, 0, 0, 0, 0, 0, 0, 0, 0, 0, 0, 0, 0, 0, 0, 0, 0, 0, 0, 0, 0, 0, 
35, 8, Thinning_RedPine, 3, 8, 0, 0, 0, 0, 0, 0, 0, 0, 0, 0, 0, 0, 0, 0, 0, 0, 0, 8, 0, 0, 0, 0, 0, 0, 0, 0, 0, 0, 0, 0, 0, 0, 0, 0, 0, 
35, 8, Thinning_PineHard, 10, 1, 21, 0, 0, 0, 0, 0, 0, 0, 0, 0, 0, 0, 0, 0, 3, 0, 0, 18, 0, 0, 0, 0, 0, 0, 0, 0, 0, 0, 0, 1, 0, 0, 0, 0, 0, 
35, 8, Thinning_Aspen, 5, 0, 9, 0, 0, 0, 0, 0, 0, 0, 0, 0, 0, 0, 0, 0, 0, 0, 0, 0, 0, 0, 0, 0, 9, 0, 0, 0, 0, 0, 0, 0, 0, 0, 0, 0, 0, 
40, 1, JPine_Clearcut, 2, 19, 0, 0, 0, 1, 0, 0, 0, 3, 0, 0, 0, 0, 0, 0, 1, 0, 9, 1, 0, 1, 0, 0, 2, 0, 0, 0, 0, 0, 0, 1, 0, 0, 0, 0, 0, 
40, 1, CNF_RPine_Clearcut, 55, 682, 0, 24, 0, 2, 1, 0, 0, 127, 0, 0, 3, 0, 2, 4, 42, 3, 28, 222, 105, 16, 0, 33, 52, 0, 6, 0, 0, 0, 6, 1, 0, 0, 5, 0, 0, 
40, 1, CNF_SpruceFir, 282, 2091, 0, 235, 0, 59, 15, 0, 0, 227, 0, 0, 58, 18, 30, 42, 191, 59, 15, 35, 42, 70, 0, 33, 691, 1, 18, 0, 0, 0, 73, 27, 3, 36, 37, 76, 0, 
40, 1, Aspen_Clearcut, 574, 4081, 0, 98, 0, 141, 61, 0, 2, 541, 0, 0, 152, 42, 40, 103, 84, 71, 42, 126, 104, 248, 0, 174, 1394, 0, 31, 7, 1, 1, 192, 81, 2, 109, 88, 146, 0, 
40, 1, Oak_Clearcut, 55, 235, 0, 0, 0, 5, 0, 0, 0, 14, 0, 0, 1, 0, 0, 0, 5, 0, 2, 6, 9, 0, 0, 6, 25, 0, 0, 0, 0, 9, 150, 1, 0, 1, 1, 0, 0, 
40, 1, LowlandConifer_Clearcut, 55, 562, 0, 38, 0, 4, 3, 0, 0, 30, 0, 0, 5, 1, 103, 0, 13, 294, 0, 9, 9, 6, 0, 3, 26, 0, 2, 0, 0, 0, 3, 1, 0, 0, 8, 4, 0, 
40, 1, Oak_Shelter, 415, 1052, 747, 37, 0, 69, 1, 0, 0, 193, 0, 0, 74, 33, 14, 22, 0, 22, 9, 41, 0, 25, 0, 55, 309, 0, 4, 3, 2, 48, 697, 64, 4, 0, 0, 73, 0, 
40, 1, Pine_Unevenaged, 41, 44, 549, 0, 0, 0, 6, 0, 0, 14, 0, 0, 0, 0, 0, 0, 16, 0, 0, 174, 353, 0, 0, 9, 19, 0, 0, 0, 0, 0, 0, 0, 0, 0, 2, 0, 0, 
40, 1, Oak_Unevenaged, 58, 60, 86, 0, 0, 5, 2, 0, 0, 19, 0, 0, 0, 0, 0, 4, 0, 0, 0, 4, 0, 0, 0, 2, 21, 0, 1, 0, 68, 1, 17, 0, 0, 0, 0, 2, 0, 
40, 1, Hardwoods_Unevenaged, 181, 0, 417, 0, 0, 39, 197, 0, 3, 0, 0, 0, 15, 0, 0, 0, 0, 0, 0, 0, 0, 0, 0, 0, 0, 0, 0, 0, 0, 0, 0, 45, 0, 0, 115, 3, 0, 
40, 1, Thinning_RedPine, 43, 128, 0, 0, 0, 0, 0, 0, 0, 0, 0, 0, 0, 0, 0, 0, 0, 0, 0, 128, 0, 0, 0, 0, 0, 0, 0, 0, 0, 0, 0, 0, 0, 0, 0, 0, 0, 
40, 1, Thinning_PineHard, 433, 46, 1376, 0, 0, 56, 67, 0, 0, 0, 0, 0, 61, 0, 0, 0, 343, 0, 0, 434, 328, 0, 0, 0, 0, 0, 0, 0, 0, 0, 0, 46, 0, 0, 76, 11, 0, 
40, 1, Thinning_Aspen, 153, 30, 385, 0, 0, 0, 0, 0, 0, 0, 0, 0, 0, 0, 0, 0, 0, 0, 0, 0, 0, 0, 0, 30, 377, 0, 0, 0, 0, 0, 0, 8, 0, 0, 0, 0, 0, 
40, 4, Oak_Clearcut, 1, 4, 0, 0, 0, 0, 0, 0, 0, 0, 0, 0, 0, 0, 0, 0, 0, 0, 0, 0, 0, 0, 0, 0, 0, 0, 0, 0, 0, 0, 3, 1, 0, 0, 0, 0, 0, 
40, 4, Pine_Unevenaged, 9, 7, 47, 0, 0, 0, 13, 0, 2, 2, 0, 0, 0, 0, 0, 0, 9, 0, 0, 6, 10, 0, 0, 1, 4, 0, 0, 0, 0, 0, 1, 2, 0, 0, 3, 1, 0, 
40, 4, Oak_Unevenaged, 54472, 50918, 58743, 0, 13, 423, 0, 22, 0, 11846, 0, 2, 0, 0, 0, 23, 0, 0, 0, 0, 0, 241, 0, 6525, 27781, 0, 0, 0, 263, 2635, 55407, 0, 182, 0, 0, 3860, 438, 
40, 4, Hardwoods_Unevenaged, 1, 0, 9, 0, 0, 1, 5, 0, 0, 0, 0, 0, 0, 0, 0, 0, 0, 0, 0, 0, 0, 0, 0, 0, 0, 0, 0, 0, 0, 0, 0, 0, 0, 0, 3, 0, 0, 
40, 4, Thinning_RedPine, 6, 6, 0, 0, 0, 0, 0, 0, 0, 0, 0, 0, 0, 0, 0, 0, 0, 0, 0, 6, 0, 0, 0, 0, 0, 0, 0, 0, 0, 0, 0, 0, 0, 0, 0, 0, 0, 
40, 4, Thinning_PineHard, 71, 0, 83, 0, 0, 0, 0, 0, 0, 0, 0, 0, 0, 0, 0, 0, 26, 0, 0, 38, 19, 0, 0, 0, 0, 0, 0, 0, 0, 0, 0, 0, 0, 0, 0, 0, 0, 
40, 5, Oak_Clearcut, 1, 6, 0, 0, 0, 1, 0, 0, 0, 0, 0, 0, 1, 0, 0, 0, 0, 0, 0, 0, 1, 0, 0, 1, 0, 0, 0, 0, 0, 0, 2, 0, 0, 0, 0, 0, 0, 
40, 5, Pine_Unevenaged, 1, 0, 1, 0, 0, 0, 0, 0, 0, 0, 0, 0, 0, 0, 0, 0, 0, 0, 0, 0, 1, 0, 0, 0, 0, 0, 0, 0, 0, 0, 0, 0, 0, 0, 0, 0, 0, 
40, 5, Oak_Unevenaged, 475, 468, 346, 0, 1, 10, 0, 0, 0, 122, 0, 0, 0, 0, 0, 0, 0, 0, 0, 0, 0, 5, 0, 42, 242, 0, 0, 0, 10, 14, 320, 0, 2, 0, 0, 44, 2, 
40, 5, Thinning_RedPine, 1, 1, 0, 0, 0, 0, 0, 0, 0, 0, 0, 0, 0, 0, 0, 0, 0, 0, 0, 1, 0, 0, 0, 0, 0, 0, 0, 0, 0, 0, 0, 0, 0, 0, 0, 0, 0, 
40, 6, Oak_Shelter, 3, 3, 2, 0, 0, 0, 0, 0, 0, 0, 0, 0, 0, 0, 0, 0, 0, 0, 0, 0, 0, 0, 0, 2, 1, 0, 0, 0, 0, 0, 2, 0, 0, 0, 0, 0, 0, 
40, 6, Pine_Unevenaged, 10, 9, 32, 0, 0, 1, 4, 0, 0, 5, 0, 0, 0, 0, 0, 0, 2, 0, 0, 5, 12, 0, 0, 0, 3, 0, 0, 0, 0, 0, 3, 0, 0, 2, 3, 1, 0, 
40, 6, Oak_Unevenaged, 879, 787, 797, 0, 0, 3, 0, 0, 0, 192, 0, 0, 0, 0, 0, 2, 0, 0, 0, 0, 0, 0, 0, 75, 395, 0, 0, 0, 12, 22, 763, 72, 2, 0, 0, 46, 0, 
40, 6, Thinning_RedPine, 2, 2, 0, 0, 0, 0, 0, 0, 0, 0, 0, 0, 0, 0, 0, 0, 0, 0, 0, 2, 0, 0, 0, 0, 0, 0, 0, 0, 0, 0, 0, 0, 0, 0, 0, 0, 0, 
40, 6, Thinning_PineHard, 4, 0, 14, 0, 0, 0, 0, 0, 0, 0, 0, 0, 1, 0, 0, 0, 5, 0, 0, 7, 1, 0, 0, 0, 0, 0, 0, 0, 0, 0, 0, 0, 0, 0, 0, 0, 0, 
40, 6, Thinning_Aspen, 33779, 7044, 31391, 0, 0, 0, 0, 0, 0, 0, 0, 0, 0, 0, 0, 0, 0, 0, 0, 0, 0, 0, 0, 7044, 31391, 0, 0, 0, 0, 0, 0, 0, 0, 0, 0, 0, 0, 
40, 8, Oak_Clearcut, 2, 7, 0, 0, 0, 0, 0, 0, 0, 1, 0, 0, 1, 0, 0, 0, 0, 0, 0, 0, 0, 0, 0, 0, 0, 0, 0, 0, 0, 0, 4, 0, 0, 0, 0, 1, 0, 
40, 8, LowlandConifer_Clearcut, 2, 17, 0, 0, 0, 0, 0, 0, 0, 0, 0, 0, 0, 0, 4, 0, 1, 10, 0, 0, 0, 0, 0, 0, 2, 0, 0, 0, 0, 0, 0, 0, 0, 0, 0, 0, 0, 
40, 8, Oak_Shelter, 10, 10, 20, 0, 0, 0, 0, 0, 0, 0, 0, 0, 4, 1, 0, 0, 0, 0, 0, 0, 0, 1, 0, 0, 2, 0, 0, 0, 0, 0, 20, 0, 0, 0, 0, 2, 0, 
40, 8, Pine_Unevenaged, 3, 4, 6, 0, 0, 0, 0, 0, 0, 1, 0, 0, 0, 0, 0, 0, 0, 0, 0, 0, 6, 0, 0, 0, 3, 0, 0, 0, 0, 0, 0, 0, 0, 0, 0, 0, 0, 
40, 8, Oak_Unevenaged, 3, 1, 5, 0, 0, 0, 0, 0, 0, 0, 0, 0, 0, 0, 0, 0, 0, 0, 0, 0, 0, 0, 0, 0, 1, 0, 0, 0, 3, 0, 2, 0, 0, 0, 0, 0, 0, 
40, 8, Hardwoods_Unevenaged, 1, 0, 2, 0, 0, 2, 0, 0, 0, 0, 0, 0, 0, 0, 0, 0, 0, 0, 0, 0, 0, 0, 0, 0, 0, 0, 0, 0, 0, 0, 0, 0, 0, 0, 0, 0, 0, 
40, 8, Thinning_RedPine, 9, 18, 0, 0, 0, 0, 0, 0, 0, 0, 0, 0, 0, 0, 0, 0, 0, 0, 0, 18, 0, 0, 0, 0, 0, 0, 0, 0, 0, 0, 0, 0, 0, 0, 0, 0, 0, 
40, 8, Thinning_PineHard, 12, 0, 52, 0, 0, 4, 12, 0, 0, 0, 0, 0, 7, 0, 0, 0, 9, 0, 0, 4, 1, 0, 0, 0, 0, 0, 0, 0, 0, 0, 0, 0, 0, 0, 14, 1, 0, 
40, 8, Thinning_Aspen, 91, 3, 159, 0, 0, 0, 0, 0, 0, 0, 0, 0, 0, 0, 0, 0, 0, 0, 0, 0, 0, 0, 0, 3, 150, 0, 0, 0, 0, 0, 0, 9, 0, 0, 0, 0, 0, 
45, 1, JPine_Clearcut, 15, 64, 0, 1, 0, 0, 0, 0, 0, 12, 0, 0, 0, 0, 1, 0, 6, 0, 21, 11, 8, 0, 0, 0, 4, 0, 0, 0, 0, 0, 0, 0, 0, 0, 0, 0, 0, 
45, 1, CNF_RPine_Clearcut, 55, 580, 0, 18, 0, 3, 0, 0, 0, 81, 0, 0, 0, 1, 5, 2, 17, 9, 19, 234, 61, 2, 0, 29, 83, 0, 7, 0, 0, 0, 1, 0, 0, 3, 1, 4, 0, 
45, 1, CNF_SpruceFir, 299, 2018, 0, 239, 1, 63, 27, 0, 1, 214, 0, 0, 58, 12, 20, 29, 226, 35, 9, 49, 18, 77, 0, 27, 639, 0, 18, 0, 0, 0, 92, 45, 1, 31, 35, 52, 0, 
45, 1, Aspen_Clearcut, 576, 5057, 0, 170, 1, 196, 148, 0, 2, 570, 0, 1, 260, 54, 87, 89, 87, 137, 59, 208, 96, 301, 0, 159, 1516, 0, 40, 1, 1, 4, 259, 108, 4, 136, 192, 170, 1, 
45, 1, Oak_Clearcut, 54, 249, 0, 0, 0, 5, 0, 0, 0, 12, 0, 0, 0, 0, 0, 1, 4, 0, 0, 1, 0, 1, 0, 5, 43, 0, 0, 0, 0, 9, 139, 21, 0, 5, 0, 3, 0, 
45, 1, LowlandConifer_Clearcut, 54, 591, 0, 47, 0, 1, 0, 0, 2, 38, 0, 0, 0, 0, 85, 0, 2, 336, 4, 23, 13, 1, 0, 3, 31, 0, 0, 0, 0, 0, 1, 2, 0, 0, 0, 2, 0, 
45, 1, Oak_Shelter, 414, 1206, 846, 55, 0, 110, 0, 0, 0, 184, 0, 0, 32, 46, 12, 16, 0, 12, 8, 68, 0, 25, 0, 60, 393, 0, 4, 2, 1, 42, 803, 104, 3, 0, 0, 72, 0, 
45, 1, Pine_Unevenaged, 42, 59, 567, 0, 0, 0, 0, 0, 0, 16, 0, 0, 0, 0, 0, 2, 24, 0, 0, 174, 368, 0, 0, 13, 28, 0, 0, 0, 0, 0, 0, 0, 0, 0, 0, 1, 0, 
45, 1, Oak_Unevenaged, 56, 74, 92, 3, 0, 4, 0, 0, 0, 19, 0, 0, 0, 0, 1, 0, 0, 1, 0, 10, 0, 1, 0, 8, 23, 0, 0, 0, 77, 0, 15, 1, 0, 0, 0, 3, 0, 
45, 1, Hardwoods_Unevenaged, 246, 0, 569, 0, 0, 113, 205, 0, 6, 0, 0, 0, 26, 0, 0, 0, 0, 0, 0, 0, 0, 0, 0, 0, 0, 0, 0, 0, 0, 0, 0, 47, 0, 0, 163, 9, 0, 
45, 1, Thinning_RedPine, 45, 119, 0, 0, 0, 0, 0, 0, 0, 0, 0, 0, 0, 0, 0, 0, 0, 0, 0, 119, 0, 0, 0, 0, 0, 0, 0, 0, 0, 0, 0, 0, 0, 0, 0, 0, 0, 
45, 1, Thinning_PineHard, 432, 33, 1540, 0, 0, 107, 83, 0, 2, 0, 0, 0, 68, 0, 0, 0, 175, 0, 0, 440, 543, 0, 0, 0, 0, 0, 0, 0, 0, 0, 0, 33, 0, 0, 93, 29, 0, 
45, 1, Thinning_Aspen, 147, 54, 305, 0, 0, 0, 0, 0, 0, 0, 0, 0, 0, 0, 0, 0, 0, 0, 0, 0, 0, 0, 0, 54, 289, 0, 0, 0, 0, 0, 0, 16, 0, 0, 0, 0, 0, 
45, 4, CNF_SpruceFir, 2, 14, 0, 2, 0, 0, 0, 0, 0, 0, 0, 0, 2, 0, 0, 0, 0, 0, 0, 0, 0, 3, 0, 1, 5, 0, 0, 0, 0, 0, 0, 0, 0, 0, 0, 1, 0, 
45, 4, Aspen_Clearcut, 12, 34, 0, 0, 0, 0, 0, 0, 0, 1, 0, 0, 1, 1, 0, 2, 1, 0, 8, 0, 1, 2, 0, 1, 11, 0, 0, 0, 0, 0, 0, 0, 0, 1, 0, 4, 0, 
45, 4, Pine_Unevenaged, 9, 7, 51, 0, 0, 0, 13, 0, 2, 2, 0, 0, 0, 0, 0, 0, 9, 0, 0, 6, 10, 0, 0, 1, 4, 0, 0, 0, 0, 0, 2, 4, 0, 0, 4, 1, 0, 
45, 4, Oak_Unevenaged, 53336, 47391, 66409, 0, 6, 212, 0, 15, 0, 9467, 0, 0, 0, 0, 0, 7, 0, 0, 0, 0, 0, 125, 0, 5656, 24223, 0, 0, 0, 470, 2811, 62697, 4637, 150, 0, 0, 2893, 431, 
45, 4, Hardwoods_Unevenaged, 2, 0, 12, 0, 0, 2, 6, 0, 0, 0, 0, 0, 0, 0, 0, 0, 0, 0, 0, 0, 0, 0, 0, 0, 0, 0, 0, 0, 0, 0, 0, 0, 0, 0, 4, 0, 0, 
45, 4, Thinning_RedPine, 5, 5, 0, 0, 0, 0, 0, 0, 0, 0, 0, 0, 0, 0, 0, 0, 0, 0, 0, 5, 0, 0, 0, 0, 0, 0, 0, 0, 0, 0, 0, 0, 0, 0, 0, 0, 0, 
45, 4, Thinning_PineHard, 2, 0, 8, 0, 0, 2, 1, 0, 0, 0, 0, 0, 1, 0, 0, 0, 1, 0, 0, 0, 2, 0, 0, 0, 0, 0, 0, 0, 0, 0, 0, 0, 0, 0, 1, 0, 0, 
45, 4, Thinning_Aspen, 904, 139, 860, 0, 0, 0, 0, 0, 0, 0, 0, 0, 0, 0, 0, 0, 0, 0, 0, 0, 0, 0, 0, 139, 860, 0, 0, 0, 0, 0, 0, 0, 0, 0, 0, 0, 0, 
45, 5, Aspen_Clearcut, 14, 20, 0, 0, 0, 2, 0, 0, 0, 3, 0, 0, 1, 0, 0, 0, 0, 0, 0, 0, 0, 1, 0, 1, 10, 0, 0, 0, 0, 0, 0, 1, 0, 1, 0, 0, 0, 
45, 5, Pine_Unevenaged, 9, 8, 14, 0, 0, 0, 0, 0, 0, 3, 0, 0, 0, 0, 0, 0, 0, 0, 0, 0, 4, 0, 0, 0, 5, 0, 0, 0, 0, 2, 4, 3, 0, 0, 1, 0, 0, 
45, 5, Oak_Unevenaged, 464, 421, 430, 0, 1, 3, 0, 0, 0, 89, 0, 0, 0, 0, 0, 0, 0, 0, 0, 0, 0, 0, 0, 37, 218, 0, 0, 0, 10, 18, 400, 38, 2, 0, 0, 33, 2, 
45, 5, Thinning_Aspen, 1229, 0, 1229, 0, 0, 0, 0, 0, 0, 0, 0, 0, 0, 0, 0, 0, 0, 0, 0, 0, 0, 0, 0, 0, 0, 0, 0, 0, 0, 0, 0, 1229, 0, 0, 0, 0, 0, 
45, 6, Aspen_Clearcut, 34, 100, 0, 0, 0, 4, 0, 0, 0, 14, 0, 0, 2, 7, 3, 2, 0, 1, 0, 1, 2, 4, 0, 7, 30, 0, 0, 0, 0, 0, 1, 1, 0, 16, 3, 2, 0, 
45, 6, Oak_Clearcut, 1, 2, 0, 0, 0, 0, 0, 0, 0, 1, 0, 0, 0, 0, 0, 0, 0, 0, 0, 0, 0, 0, 0, 0, 0, 0, 0, 0, 0, 0, 0, 1, 0, 0, 0, 0, 0, 
45, 6, LowlandConifer_Clearcut, 1, 2, 0, 0, 0, 0, 0, 0, 0, 0, 0, 0, 0, 0, 1, 0, 0, 1, 0, 0, 0, 0, 0, 0, 0, 0, 0, 0, 0, 0, 0, 0, 0, 0, 0, 0, 0, 
45, 6, Oak_Shelter, 4, 3, 3, 0, 0, 0, 0, 0, 0, 0, 0, 0, 0, 0, 0, 0, 0, 0, 0, 0, 0, 0, 0, 2, 1, 0, 0, 0, 0, 0, 3, 0, 0, 0, 0, 0, 0, 
45, 6, Pine_Unevenaged, 10, 8, 32, 0, 0, 0, 4, 0, 0, 5, 0, 0, 0, 0, 0, 0, 2, 0, 0, 5, 12, 0, 0, 0, 3, 0, 0, 0, 0, 0, 3, 0, 0, 2, 3, 1, 0, 
45, 6, Oak_Unevenaged, 842, 641, 931, 0, 0, 2, 0, 0, 0, 149, 0, 0, 0, 0, 0, 0, 0, 0, 0, 0, 0, 0, 0, 63, 344, 0, 0, 0, 12, 21, 898, 48, 1, 0, 0, 34, 0, 
45, 6, Thinning_RedPine, 2, 2, 0, 0, 0, 0, 0, 0, 0, 0, 0, 0, 0, 0, 0, 0, 0, 0, 0, 2, 0, 0, 0, 0, 0, 0, 0, 0, 0, 0, 0, 0, 0, 0, 0, 0, 0, 
45, 6, Thinning_Aspen, 31338, 96, 31297, 0, 0, 0, 0, 0, 0, 0, 0, 0, 0, 0, 0, 0, 0, 0, 0, 0, 0, 0, 0, 96, 31297, 0, 0, 0, 0, 0, 0, 0, 0, 0, 0, 0, 0, 
45, 8, Aspen_Clearcut, 13, 98, 0, 7, 0, 8, 0, 0, 0, 8, 0, 0, 0, 4, 1, 2, 9, 2, 0, 0, 0, 10, 0, 3, 9, 0, 0, 0, 0, 0, 2, 8, 0, 14, 11, 0, 0, 
45, 8, Oak_Clearcut, 4, 16, 0, 0, 0, 0, 0, 0, 0, 0, 0, 0, 0, 0, 0, 0, 0, 0, 0, 0, 0, 0, 0, 0, 0, 0, 0, 0, 0, 0, 14, 1, 0, 1, 0, 0, 0, 
45, 8, LowlandConifer_Clearcut, 2, 15, 0, 0, 0, 0, 0, 0, 0, 0, 0, 0, 0, 0, 6, 0, 0, 6, 0, 0, 0, 0, 0, 0, 3, 0, 0, 0, 0, 0, 0, 0, 0, 0, 0, 0, 0, 
45, 8, Oak_Shelter, 19, 86, 25, 10, 0, 0, 0, 0, 0, 15, 0, 0, 8, 1, 2, 0, 0, 4, 2, 0, 0, 19, 0, 1, 14, 0, 0, 1, 0, 3, 22, 2, 0, 0, 0, 7, 0, 
45, 8, Pine_Unevenaged, 3, 3, 6, 0, 0, 0, 0, 0, 0, 0, 0, 0, 0, 0, 0, 0, 0, 0, 0, 0, 6, 0, 0, 0, 3, 0, 0, 0, 0, 0, 0, 0, 0, 0, 0, 0, 0, 
45, 8, Oak_Unevenaged, 3, 1, 5, 0, 0, 0, 0, 0, 0, 0, 0, 0, 0, 0, 0, 0, 0, 0, 0, 0, 0, 0, 0, 0, 1, 0, 0, 0, 3, 0, 2, 0, 0, 0, 0, 0, 0, 
45, 8, Hardwoods_Unevenaged, 1, 0, 3, 0, 0, 3, 0, 0, 0, 0, 0, 0, 0, 0, 0, 0, 0, 0, 0, 0, 0, 0, 0, 0, 0, 0, 0, 0, 0, 0, 0, 0, 0, 0, 0, 0, 0, 
45, 8, Thinning_RedPine, 12, 36, 0, 0, 0, 0, 0, 0, 0, 0, 0, 0, 0, 0, 0, 0, 0, 0, 0, 36, 0, 0, 0, 0, 0, 0, 0, 0, 0, 0, 0, 0, 0, 0, 0, 0, 0, 
45, 8, Thinning_PineHard, 27, 1, 61, 0, 0, 4, 0, 0, 0, 0, 0, 0, 9, 0, 0, 0, 16, 0, 0, 18, 12, 0, 0, 0, 0, 0, 0, 0, 0, 0, 0, 1, 0, 0, 2, 0, 0, 
45, 8, Thinning_Aspen, 11, 5, 22, 0, 0, 0, 0, 0, 0, 0, 0, 0, 0, 0, 0, 0, 0, 0, 0, 0, 0, 0, 0, 5, 16, 0, 0, 0, 0, 0, 0, 6, 0, 0, 0, 0, 0, 
50, 1, JPine_Clearcut, 10, 67, 0, 2, 0, 1, 0, 0, 0, 12, 0, 0, 1, 0, 1, 0, 7, 2, 16, 5, 2, 3, 0, 3, 5, 0, 0, 0, 0, 0, 3, 0, 0, 0, 0, 4, 0, 
50, 1, CNF_RPine_Clearcut, 55, 640, 0, 7, 0, 8, 1, 0, 0, 117, 0, 0, 2, 0, 3, 2, 21, 5, 37, 224, 64, 11, 0, 32, 85, 0, 2, 0, 0, 0, 3, 3, 1, 3, 0, 9, 0, 
50, 1, CNF_SpruceFir, 283, 1664, 0, 166, 0, 50, 21, 1, 0, 137, 0, 0, 72, 23, 28, 26, 130, 41, 10, 40, 18, 57, 0, 17, 562, 0, 5, 0, 0, 5, 77, 21, 2, 25, 31, 99, 0, 
50, 1, Aspen_Clearcut, 574, 3713, 0, 128, 0, 126, 84, 0, 3, 582, 0, 1, 155, 31, 28, 79, 89, 49, 34, 137, 108, 199, 0, 114, 1112, 0, 24, 0, 1, 8, 175, 121, 5, 84, 102, 134, 0, 
50, 1, Oak_Clearcut, 56, 218, 0, 0, 2, 1, 0, 0, 0, 8, 0, 0, 0, 1, 0, 5, 6, 0, 0, 5, 2, 0, 0, 6, 23, 0, 0, 0, 7, 4, 138, 3, 0, 0, 0, 7, 0, 
50, 1, LowlandConifer_Clearcut, 56, 584, 0, 32, 0, 5, 2, 0, 0, 64, 0, 0, 14, 0, 74, 0, 9, 295, 2, 6, 3, 3, 0, 4, 51, 0, 0, 0, 0, 1, 8, 3, 0, 0, 3, 5, 0, 
50, 1, Oak_Shelter, 415, 934, 826, 35, 0, 48, 0, 0, 0, 176, 0, 0, 41, 21, 18, 13, 0, 34, 10, 46, 0, 21, 0, 56, 313, 0, 4, 0, 1, 40, 785, 31, 2, 0, 0, 65, 0, 
50, 1, Pine_Unevenaged, 42, 42, 565, 0, 0, 0, 6, 0, 0, 11, 0, 0, 0, 0, 0, 0, 26, 0, 0, 158, 375, 0, 0, 12, 16, 0, 0, 0, 0, 0, 0, 0, 0, 0, 2, 1, 0, 
50, 1, Oak_Unevenaged, 54, 28, 87, 0, 0, 0, 0, 0, 0, 10, 0, 0, 0, 0, 0, 0, 0, 0, 0, 0, 0, 1, 0, 2, 12, 0, 0, 0, 72, 1, 14, 0, 0, 0, 0, 3, 0, 
50, 1, Hardwoods_Unevenaged, 244, 0, 612, 0, 0, 113, 213, 0, 6, 0, 0, 0, 31, 0, 0, 0, 0, 0, 0, 0, 0, 0, 0, 0, 0, 0, 0, 0, 0, 0, 0, 54, 0, 0, 188, 7, 0, 
50, 1, Thinning_RedPine, 44, 141, 0, 0, 0, 0, 0, 0, 0, 0, 0, 0, 0, 0, 0, 0, 0, 0, 0, 141, 0, 0, 0, 0, 0, 0, 0, 0, 0, 0, 0, 0, 0, 0, 0, 0, 0, 
50, 1, Thinning_PineHard, 433, 40, 1417, 0, 0, 153, 111, 0, 6, 0, 0, 0, 101, 0, 0, 0, 174, 0, 0, 302, 443, 0, 0, 0, 0, 0, 0, 0, 0, 0, 0, 40, 0, 0, 104, 23, 0, 
50, 1, Thinning_Aspen, 147, 23, 345, 0, 0, 0, 0, 0, 0, 0, 0, 0, 0, 0, 0, 0, 0, 0, 0, 0, 0, 0, 0, 23, 326, 0, 0, 0, 0, 0, 0, 19, 0, 0, 0, 0, 0, 
50, 4, Aspen_Clearcut, 6, 18, 0, 0, 0, 0, 0, 0, 0, 2, 0, 0, 0, 0, 0, 0, 0, 0, 8, 0, 0, 0, 0, 2, 6, 0, 0, 0, 0, 0, 0, 0, 0, 0, 0, 0, 0, 
50, 4, Pine_Unevenaged, 8, 5, 51, 0, 0, 0, 13, 0, 2, 1, 0, 0, 0, 0, 0, 0, 9, 0, 0, 6, 10, 0, 0, 1, 3, 0, 0, 0, 0, 0, 2, 4, 0, 0, 4, 1, 0, 
50, 4, Oak_Unevenaged, 48597, 36228, 65271, 0, 1, 93, 0, 15, 0, 7643, 0, 0, 0, 0, 0, 3, 0, 0, 0, 0, 0, 65, 0, 4903, 21207, 0, 0, 0, 464, 2692, 61691, 0, 123, 0, 0, 2175, 424, 
50, 4, Hardwoods_Unevenaged, 1, 0, 11, 0, 0, 1, 6, 0, 0, 0, 0, 0, 0, 0, 0, 0, 0, 0, 0, 0, 0, 0, 0, 0, 0, 0, 0, 0, 0, 0, 0, 0, 0, 0, 4, 0, 0, 
50, 4, Thinning_RedPine, 5, 5, 0, 0, 0, 0, 0, 0, 0, 0, 0, 0, 0, 0, 0, 0, 0, 0, 0, 5, 0, 0, 0, 0, 0, 0, 0, 0, 0, 0, 0, 0, 0, 0, 0, 0, 0, 
50, 4, Thinning_PineHard, 3, 0, 9, 0, 0, 3, 1, 0, 0, 0, 0, 0, 1, 0, 0, 0, 1, 0, 0, 0, 2, 0, 0, 0, 0, 0, 0, 0, 0, 0, 0, 0, 0, 0, 1, 0, 0, 
50, 4, Thinning_Aspen, 860, 2, 859, 0, 0, 0, 0, 0, 0, 0, 0, 0, 0, 0, 0, 0, 0, 0, 0, 0, 0, 0, 0, 2, 859, 0, 0, 0, 0, 0, 0, 0, 0, 0, 0, 0, 0, 
50, 5, Aspen_Clearcut, 2, 4, 0, 0, 0, 0, 0, 0, 0, 0, 0, 0, 0, 0, 0, 0, 0, 0, 0, 0, 0, 0, 0, 1, 2, 0, 0, 0, 0, 0, 0, 0, 0, 0, 0, 1, 0, 
50, 5, Pine_Unevenaged, 20017, 18465, 39288, 0, 12, 805, 0, 20, 0, 5347, 0, 0, 0, 0, 0, 51, 3431, 0, 0, 0, 3841, 351, 7, 1511, 10243, 0, 0, 0, 98, 640, 11711, 3181, 94, 9546, 6861, 0, 3, 
50, 5, Oak_Unevenaged, 415, 323, 418, 0, 0, 1, 0, 0, 0, 65, 0, 0, 0, 0, 0, 0, 0, 0, 0, 0, 0, 0, 0, 35, 196, 0, 0, 0, 10, 18, 388, 0, 2, 0, 0, 24, 2, 
50, 6, Aspen_Clearcut, 15, 39, 0, 0, 0, 2, 0, 0, 0, 5, 0, 0, 0, 0, 0, 1, 0, 0, 0, 0, 0, 3, 0, 1, 14, 0, 0, 0, 0, 0, 2, 1, 0, 3, 3, 4, 0, 
50, 6, Oak_Shelter, 4, 2, 3, 0, 0, 0, 0, 0, 0, 0, 0, 0, 0, 0, 0, 0, 0, 0, 0, 0, 0, 0, 0, 1, 1, 0, 0, 0, 0, 0, 3, 0, 0, 0, 0, 0, 0, 
50, 6, Pine_Unevenaged, 9, 5, 25, 0, 0, 0, 3, 0, 0, 2, 0, 0, 0, 0, 0, 0, 1, 0, 0, 5, 9, 0, 0, 0, 3, 0, 0, 0, 0, 0, 3, 0, 0, 0, 3, 1, 0, 
50, 6, Oak_Unevenaged, 751, 504, 904, 0, 0, 0, 0, 0, 0, 119, 0, 0, 0, 0, 0, 0, 0, 0, 0, 0, 0, 0, 0, 54, 305, 0, 0, 0, 12, 19, 873, 0, 1, 0, 0, 25, 0, 
50, 6, Thinning_RedPine, 2, 2, 0, 0, 0, 0, 0, 0, 0, 0, 0, 0, 0, 0, 0, 0, 0, 0, 0, 2, 0, 0, 0, 0, 0, 0, 0, 0, 0, 0, 0, 0, 0, 0, 0, 0, 0, 
50, 6, Thinning_Aspen, 31061, 107, 31021, 0, 0, 0, 0, 0, 0, 0, 0, 0, 0, 0, 0, 0, 0, 0, 0, 0, 0, 0, 0, 107, 31021, 0, 0, 0, 0, 0, 0, 0, 0, 0, 0, 0, 0, 
50, 8, Aspen_Clearcut, 39, 287, 0, 19, 0, 9, 8, 0, 1, 26, 0, 0, 25, 4, 17, 0, 3, 31, 10, 8, 4, 7, 0, 1, 41, 0, 0, 0, 0, 0, 13, 9, 0, 32, 17, 2, 0, 
50, 8, Oak_Clearcut, 5, 13, 0, 0, 0, 0, 0, 0, 0, 0, 0, 0, 0, 0, 0, 0, 0, 0, 0, 0, 0, 0, 0, 0, 1, 0, 0, 0, 0, 0, 12, 0, 0, 0, 0, 0, 0, 
50, 8, LowlandConifer_Clearcut, 4, 29, 0, 0, 0, 0, 0, 0, 0, 0, 0, 0, 0, 0, 10, 0, 0, 19, 0, 0, 0, 0, 0, 0, 0, 0, 0, 0, 0, 0, 0, 0, 0, 0, 0, 0, 0, 
50, 8, Oak_Shelter, 13, 29, 13, 0, 0, 0, 0, 0, 0, 9, 0, 0, 3, 0, 0, 0, 0, 0, 0, 0, 0, 5, 0, 1, 6, 0, 0, 1, 0, 3, 10, 0, 0, 0, 0, 4, 0, 
50, 8, Pine_Unevenaged, 3, 3, 6, 0, 0, 0, 0, 0, 0, 0, 0, 0, 0, 0, 0, 0, 0, 0, 0, 0, 6, 0, 0, 0, 3, 0, 0, 0, 0, 0, 0, 0, 0, 0, 0, 0, 0, 
50, 8, Oak_Unevenaged, 2, 0, 5, 0, 0, 0, 0, 0, 0, 0, 0, 0, 0, 0, 0, 0, 0, 0, 0, 0, 0, 0, 0, 0, 0, 0, 0, 0, 3, 0, 2, 0, 0, 0, 0, 0, 0, 
50, 8, Hardwoods_Unevenaged, 1, 0, 3, 0, 0, 3, 0, 0, 0, 0, 0, 0, 0, 0, 0, 0, 0, 0, 0, 0, 0, 0, 0, 0, 0, 0, 0, 0, 0, 0, 0, 0, 0, 0, 0, 0, 0, 
50, 8, Thinning_RedPine, 4, 16, 0, 0, 0, 0, 0, 0, 0, 0, 0, 0, 0, 0, 0, 0, 0, 0, 0, 16, 0, 0, 0, 0, 0, 0, 0, 0, 0, 0, 0, 0, 0, 0, 0, 0, 0, 
50, 8, Thinning_PineHard, 31, 0, 78, 0, 0, 7, 3, 0, 0, 0, 0, 0, 9, 0, 0, 0, 16, 0, 0, 18, 14, 0, 0, 0, 0, 0, 0, 0, 0, 0, 0, 0, 0, 0, 11, 0, 0, 
50, 8, Thinning_Aspen, 86, 2, 150, 0, 0, 0, 0, 0, 0, 0, 0, 0, 0, 0, 0, 0, 0, 0, 0, 0, 0, 0, 0, 2, 136, 0, 0, 0, 0, 0, 0, 14, 0, 0, 0, 0, 0, 
